exit_any,sector_grp,years_since_first_investment,flag_founding_pre2000,first_round_syndicate_size,first_round_foreign_investor_share,first_round_corporate_vc_flag,first_round_late_stage_pe_flag,first_round_investor_experience_mean,log_investor_experience_mean
0,Financial Services,5.519507186858316,0,4,0.75,0,0,101.0,4.624972813284271
0,Retail,3.1950718685831623,0,2,0.0,0,0,3937.2,8.27847904511107
0,Internet,9.697467488021903,0,4,0.5,1,0,10298.2,9.239821501298351
0,Healthcare,1.566050650239562,0,1,1.0,0,0,15.0,2.772588722239781
0,Other,1.4702258726899384,0,4,0.0,1,0,35.0,3.58351893845611
0,Software,9.360711841204655,0,3,0.6666666666666666,1,0,678.75,6.52172508351258
0,Other,7.0335386721423685,0,1,1.0,0,0,6828.1,8.828948172286296
0,Internet,7.485284052019165,0,1,0.0,0,0,53.0,3.9889840465642745
0,Internet,8.48186173853525,0,2,0.5,0,0,1096.25,7.000562328568344
0,Software,9.705681040383299,0,3,0.3333333333333333,0,1,56.0,4.04305126783455
0,Financial Services,5.9110198494182065,1,1,1.0,0,0,509.0,6.234410725718371
0,Financial Services,4.339493497604381,0,1,0.0,0,0,76.0,4.343805421853684
0,Business Support Services,8.19712525667351,0,1,1.0,0,0,53.0,3.9889840465642745
0,Logistics & Distribution,9.248459958932239,0,2,0.0,0,0,23403.5,10.060683590549347
0,Education/Training,5.1854893908282,1,1,1.0,0,0,509.0,6.234410725718371
0,Software,0.4134154688569473,0,2,0.5,0,0,19481.0,9.877246241330901
1,Internet,5.7878165639972625,0,2,0.5,0,0,38.5,3.676300671907076
0,Internet,9.957563312799453,0,2,0.5,0,0,50.5,3.9415818076696905
0,Consumer Products,2.869267624914442,0,1,0.0,0,0,7.0,2.0794415416798357
0,Financial Services,8.88432580424367,0,3,0.6666666666666666,0,1,1256.6666666666667,7.137013431296201
0,Financial Services,2.297056810403833,0,4,0.75,0,0,3192.3333333333335,8.068820582296796
0,Healthcare IT,8.424366872005475,0,1,0.0,0,0,4.0,1.6094379124341003
0,Consumer Products,1.4948665297741273,0,2,0.0,0,0,8179.5,9.009508552423132
0,Other,0.11225188227241616,0,1,0.0,0,0,2.0,1.0986122886681098
0,Retail,4.136892539356605,0,4,0.0,0,0,8512.333333333334,9.049388840918422
0,Education/Training,5.207392197125257,0,2,0.0,0,0,1558.0,7.351799869057777
0,"Automobiles, Other Vehicles & Parts",2.954140999315537,0,2,0.0,0,0,64.5,4.182050142641207
0,Healthcare IT,5.412731006160164,0,1,0.0,0,0,1.0,0.6931471805599453
0,Medical Devices & Equipment,2.5790554414784395,0,2,0.5,0,0,517.5,6.250940027669582
0,Software,5.270362765229295,0,1,1.0,0,0,560.0,6.329720905522696
0,Other,7.605749486652978,0,3,0.3333333333333333,0,0,2088.3333333333335,7.644600314807802
0,Pharmaceuticals,3.4414784394250515,0,1,1.0,0,1,6.0,1.9459101490553132
0,Financial Services,1.2046543463381245,0,5,0.0,0,0,375.8333333333333,5.9318030030499145
0,Software,4.076659822039699,0,4,0.0,0,0,1572.6666666666667,7.361163631878177
0,Software,4.591375770020534,0,1,0.0,0,0,91.0,4.5217885770490405
0,Software,4.388774811772758,0,3,1.0,0,1,473.3333333333333,6.161910309421742
0,Financial Services,1.45927446954141,0,1,1.0,0,0,467.0,6.148468295917647
0,Financial Services,1.45927446954141,0,1,1.0,0,0,467.0,6.148468295917647
0,Software,8.826830937713895,0,6,0.3333333333333333,0,0,648.3333333333334,6.4759461955343705
0,Healthcare,8.591375770020534,0,1,0.0,0,0,9.0,2.302585092994046
0,"Automobiles, Other Vehicles & Parts",3.247091033538672,1,2,0.0,0,0,23403.0,10.060662226908127
1,Other,9.582477754962355,0,1,1.0,0,0,109.0,4.700480365792417
0,Medical Devices & Equipment,8.580424366872005,0,1,0.0,0,0,11.0,2.4849066497880004
0,Software,0.3258042436687201,0,3,0.0,0,0,31.666666666666668,3.4863551900024623
0,Other,7.605749486652978,0,1,0.0,0,0,3099.0,8.039157390473237
0,Other,1.056810403832991,0,2,0.0,0,0,17.5,2.917770732084279
0,Other,8.446269678302533,1,1,1.0,0,0,5.0,1.791759469228055
0,Healthcare IT,8.366872005475702,0,1,0.0,0,0,7.0,2.0794415416798357
1,Other,2.510609171800137,0,1,0.0,0,0,3099.0,8.039157390473237
0,Software,8.914442162902121,0,1,0.0,0,0,7.0,2.0794415416798357
0,Other,1.702943189596167,0,1,1.0,0,0,41.0,3.7376696182833684
0,Software,3.373032169746749,0,2,0.5,0,0,554.0,6.318968113746434
0,Other,4.818617385352498,0,1,0.0,0,0,189.0,5.247024072160486
1,Food,3.0198494182067077,0,2,0.0,0,0,23.5,3.1986731175506815
0,Other,4.4955509924709105,0,1,0.0,0,0,163.0,5.099866427824199
0,Other,3.0937713894592744,0,1,0.0,0,0,19.0,2.995732273553991
0,Other,4.20807665982204,0,1,0.0,0,0,210.0,5.351858133476067
0,Consumer Products,1.7631759069130732,0,2,0.0,0,0,8183.0,9.009936307631463
0,Agribusiness,6.759753593429158,0,2,0.5,0,0,2189.5,7.691885107253953
0,Other,4.837782340862423,0,7,0.1428571428571428,0,0,459.1428571428572,6.131537000275886
0,Other,0.24914442162902123,0,3,0.3333333333333333,0,0,1051.6666666666667,6.959081906147477
0,Agribusiness,6.863791923340178,0,2,0.0,0,0,10.0,2.3978952727983707
0,Software,4.594113620807666,0,5,0.2,0,1,275.0,5.62040086571715
0,Food,0.837782340862423,1,2,0.0,0,0,7.0,2.0794415416798357
0,Financial Services,6.5188227241615335,0,1,0.0,0,0,8.0,2.1972245773362196
0,Software,7.750855578370979,0,3,0.3333333333333333,0,1,1057.0,6.964135612418245
0,Pharmaceuticals,6.945927446954141,0,4,0.0,0,0,875.2,6.775594375379798
0,Medical Devices & Equipment,4.484599589322382,0,4,0.0,0,0,3529.6,8.169223107155183
0,Agribusiness,9.500342231348391,0,5,0.6,0,0,123.2,4.821893169499378
0,Education/Training,5.708418891170431,0,1,1.0,0,0,230.0,5.442417710521793
0,Other,1.3305954825462012,0,3,0.5,0,0,5463.0,8.605936401250625
0,Financial Services,7.822039698836414,0,1,0.0,0,1,103.0,4.6443908991413725
0,Software,4.041067761806982,0,2,0.5,0,0,4268.0,8.359134886757962
0,Internet,9.891854893908283,0,2,0.0,0,0,16656.666666666668,9.720625849889664
0,Logistics & Distribution,4.684462696783025,0,1,0.0,0,0,163.0,5.099866427824199
0,Software,4.7501711156741955,0,1,0.0,0,0,19.0,2.995732273553991
0,Food,5.470225872689938,0,3,0.6666666666666666,0,0,5376.333333333333,8.589947867325149
0,Financial Services,3.2580424366872007,0,7,0.8571428571428571,0,0,6600.125,8.794995368034247
0,Pharmaceuticals,5.0978781656399725,0,1,1.0,0,1,10.0,2.3978952727983707
0,Software,9.56331279945243,0,2,0.0,0,0,1562.0,7.354362330421477
0,Software,4.098562628336755,0,1,0.0,0,0,248.0,5.517452896464707
0,Other,3.46611909650924,0,1,0.0,0,0,57.0,4.060443010546419
1,Consumer Products,5.626283367556468,0,1,0.0,0,0,3099.0,8.039157390473237
1,Education/Training,2.6666666666666665,1,2,0.5,0,0,87.0,4.477336814478207
0,Other,9.188227241615332,0,1,0.0,0,0,3.0,1.3862943611198906
1,Healthcare IT,9.639972621492129,0,2,0.5,0,0,6461.0,8.773694146384443
0,Software,1.242984257357974,0,1,1.0,0,0,70.0,4.2626798770413155
1,Business Support Services,9.347022587268993,0,1,0.0,0,0,4.0,1.6094379124341003
0,Education/Training,2.6940451745379876,0,2,0.0,0,1,6520.0,8.782783017393202
0,Food,4.331279945242985,0,3,0.0,0,0,847.25,6.743175403664339
0,"Automobiles, Other Vehicles & Parts",9.96851471594798,0,1,0.0,0,0,59.0,4.0943445622221
1,Food,1.6427104722792607,0,1,1.0,0,0,9610.0,9.170663554823284
0,Other,1.0321697467488022,0,2,0.0,0,0,8187.0,9.01042494678118
0,Medical Devices & Equipment,4.350444900752909,0,2,0.5,0,0,5084.6,8.5341682956222
0,Financial Services,9.25119780971937,0,4,1.0,0,1,40.5,3.7256934272366524
0,"Automobiles, Other Vehicles & Parts",9.010266940451745,0,4,0.5,0,0,9931.5,9.203567487688755
0,Financial Services,6.685831622176591,0,3,0.0,0,0,4867.5,8.490541160418811
0,Consumer Products,2.00684462696783,0,1,0.0,0,0,11.0,2.4849066497880004
0,Software,1.6372347707049966,0,2,0.0,0,0,21068.666666666668,9.955589686391491
0,Pharmaceuticals,4.900752908966461,1,2,0.0,0,1,30.0,3.4339872044851463
0,Business Support Services,2.7132101300479126,0,1,1.0,0,0,70.0,4.2626798770413155
0,Consumer Products,8.290212183436003,0,2,1.0,0,0,58.0,4.07753744390572
0,Consumer Products,1.1416837782340863,0,3,0.0,0,0,15619.666666666666,9.656350102807268
1,Food,3.8329911019849416,0,1,0.0,0,0,31.0,3.4657359027997265
0,Consumer Products,0.7200547570157426,0,1,0.0,0,0,1.0,0.6931471805599453
1,Internet,0.9390828199863107,0,1,0.0,0,0,3099.0,8.039157390473237
1,Other,5.757700205338809,0,1,0.0,0,0,7.0,2.0794415416798357
0,Software,9.656399726214921,0,3,0.6666666666666666,0,0,373.3333333333333,5.925146666070334
0,Other,1.5304585900068446,0,2,0.0,0,0,24.0,3.2188758248682006
0,Internet,4.246406570841889,0,2,0.0,0,0,91.5,4.52720864451838
0,Business Support Services,7.5893223819301845,0,1,0.0,0,0,5.0,1.791759469228055
1,Logistics & Distribution,4.046543463381246,0,1,0.0,0,0,248.0,5.517452896464707
0,Software,4.804928131416838,0,5,0.2,0,0,73.6,4.312140507209715
0,Software,3.274469541409993,0,1,1.0,0,0,124.0,4.8283137373023015
0,Consumer Products,3.164955509924709,0,4,0.25,0,0,4076.25,8.313178020537027
0,Internet,8.046543463381246,0,1,0.0,0,0,4.0,1.6094379124341003
0,Internet,4.744695414099931,0,4,0.0,0,0,11808.75,9.376680740466082
0,Logistics & Distribution,6.666666666666667,0,1,0.0,0,0,210.0,5.351858133476067
0,Financial Services,9.730321697467488,0,1,1.0,0,0,210.0,5.351858133476067
0,Consumer Products,1.7166324435318274,0,2,0.0,0,0,8202.5,9.012316171454938
0,Software,5.587953456536619,0,3,0.3333333333333333,0,0,12404.857142857143,9.425923990301289
0,Other,3.898699520876112,0,2,0.0,0,0,581.0,6.366470447731438
0,Business Support Services,8.580424366872005,0,1,1.0,0,0,15815.0,9.668777364850452
0,Pharmaceuticals,8.128678986995208,0,1,0.0,0,1,5.0,1.791759469228055
0,Education/Training,4.271047227926078,0,2,0.5,0,0,6427.0,8.768418726857403
0,Other,0.02190280629705681,0,1,0.0,0,0,26.0,3.295836866004329
0,Food,4.459958932238193,0,1,0.0,0,0,130.0,4.875197323201151
1,Consumer Products,3.238877481177276,0,1,0.0,0,0,19.0,2.995732273553991
0,Education/Training,6.3901437371663246,0,1,0.0,0,0,163.0,5.099866427824199
0,Financial Services,6.529774127310062,0,1,0.0,0,1,4.0,1.6094379124341003
0,Other,3.0992470910335386,0,1,1.0,0,0,30.0,3.4339872044851463
0,Consumer Products,5.711156741957564,0,1,0.0,0,0,19.0,2.995732273553991
0,Software,8.752908966461328,0,2,0.0,0,0,35.5,3.597312260588446
0,Food,8.128678986995208,0,1,0.0,0,0,20.0,3.044522437723423
0,Other,1.2210814510609171,0,1,0.0,1,0,9.0,2.302585092994046
0,Internet,5.489390828199863,0,4,0.75,0,0,135.25,4.914491433543353
0,Other,8.177960301163587,0,1,1.0,0,0,238.5,5.4785534168509695
0,Healthcare IT,0.6789869952087612,0,1,1.0,0,0,493.0,6.202535517187923
0,"Automobiles, Other Vehicles & Parts",4.84599589322382,1,1,1.0,0,0,132.0,4.890349128221754
0,Medical Devices & Equipment,0.7227926078028748,1,1,1.0,0,0,61.0,4.127134385045092
0,Internet,9.49760438056126,0,2,0.5,0,0,2065.75,7.633732604132785
0,Other,9.593429158110883,0,4,1.0,0,0,366.0,5.905361848054571
0,Software,3.3100616016427105,0,2,0.5,1,0,32.0,3.4965075614664802
0,Software,9.880903490759753,0,4,0.5,1,1,100.75,4.622518824322705
0,Agribusiness,4.093086926762491,0,2,0.5,0,0,15943.0,9.676837861892631
0,Consumer Products,7.581108829568788,0,2,0.5,0,0,862.0,6.760414691083428
0,Other,8.903490759753593,0,1,1.0,0,0,53.0,3.9889840465642745
0,Software,3.592060232717317,0,3,0.6666666666666666,0,0,1869.8,7.5341214258517315
0,Medical Devices & Equipment,9.582477754962355,0,1,0.0,0,0,115.0,4.7535901911063645
1,Other,6.573579739904175,0,1,1.0,0,0,562.0,6.333279628139691
1,Other,6.573579739904175,1,1,1.0,0,0,562.0,6.333279628139691
0,Software,7.143052703627652,0,1,1.0,0,0,75.0,4.330733340286331
0,Other,5.582477754962355,0,1,0.0,0,0,3099.0,8.039157390473237
0,Pharmaceuticals,9.88911704312115,0,1,0.0,0,0,7.0,2.0794415416798357
1,Other,6.351813826146475,1,1,1.0,0,1,7.0,2.0794415416798357
1,Consumer Products,2.6721423682409307,0,1,0.0,0,0,3099.0,8.039157390473237
1,Internet,1.8151950718685832,0,1,0.0,0,0,3.0,1.3862943611198906
0,Financial Services,9.754962354551678,0,1,1.0,0,0,5.0,1.791759469228055
0,Financial Services,5.117043121149897,0,2,1.0,0,0,7913.5,8.976451799125792
0,Financial Services,8.706365503080082,0,2,0.5,0,0,10018.8,9.21231841435981
0,Education/Training,3.6358658453114305,0,2,0.0,0,0,1420.3333333333333,7.25935067717757
0,Software,7.649555099247091,0,2,0.0,0,0,17.5,2.917770732084279
0,Financial Services,9.776865160848734,0,2,1.0,0,0,303.5,5.718671087149952
0,Other,5.722108145106092,0,2,0.5,0,0,1498.0,7.312553498102598
0,Medical Devices & Equipment,6.455852156057495,1,1,1.0,0,0,6.0,1.9459101490553132
0,Other,9.44558521560575,0,1,0.0,0,0,3.0,1.3862943611198906
0,Other,9.88911704312115,1,1,1.0,0,0,6.0,1.9459101490553132
0,Pharmaceuticals,5.900068446269678,0,2,1.0,0,0,47.0,3.871201010907891
0,Financial Services,9.160848733744011,0,2,1.0,0,0,7985.5,8.985507895230011
1,Consumer Products,2.223134839151266,1,1,0.0,0,0,10.0,2.3978952727983707
0,Healthcare,9.122518822724162,1,1,1.0,0,1,10.0,2.3978952727983707
0,Healthcare,6.9021218343600275,0,1,1.0,0,0,374.0,5.926926025970411
0,Financial Services,8.14236824093087,1,1,1.0,0,1,1.0,0.6931471805599453
0,Financial Services,4.8405201916495555,0,1,0.0,0,0,163.0,5.099866427824199
0,Software,3.02258726899384,0,1,0.0,0,0,2101.0,7.650644551436897
0,"Automobiles, Other Vehicles & Parts",0.919917864476386,0,3,0.5,0,0,15620.333333333334,9.656392780399406
0,Healthcare IT,6.247775496235455,0,2,0.0,0,0,856.0,6.75343791859778
0,Other,6.699520876112252,0,1,0.0,0,0,5.0,1.791759469228055
0,Other,8.331279945242985,0,2,0.5,0,0,1261.8,7.141086756683837
0,Business Support Services,3.4086242299794662,0,2,0.5,0,0,36.5,3.624340932976365
0,"Automobiles, Other Vehicles & Parts",9.754962354551678,0,1,1.0,0,0,696.0,6.546785410760524
1,Software,8.539356605065024,0,1,0.0,0,0,3099.0,8.039157390473237
1,Consumer Products,3.189596167008898,0,1,0.0,0,0,7.0,2.0794415416798357
1,Healthcare,1.9849418206707734,0,1,1.0,0,1,7.0,2.0794415416798357
0,"Automobiles, Other Vehicles & Parts",7.271731690622861,0,3,0.0,0,0,15668.666666666666,9.65948206305404
0,Software,3.0006844626967832,0,1,0.0,0,1,103.0,4.6443908991413725
0,Consumer Products,9.262149212867898,0,3,0.0,0,0,366.0,5.905361848054571
0,Other,9.500342231348391,0,2,1.0,0,0,43.0,3.784189633918261
0,"Automobiles, Other Vehicles & Parts",1.566050650239562,0,4,0.25,0,0,845.5,6.74111020157319
0,Financial Services,8.539356605065024,1,1,1.0,0,0,108.0,4.6913478822291435
0,Software,2.220396988364134,0,3,0.0,0,1,5495.666666666667,8.611897126885536
0,Consumer Products,3.0198494182067077,0,3,0.6666666666666666,0,0,7838.555555555556,8.966937422395148
0,Software,1.2785763175906912,0,1,0.0,0,0,25.0,3.258096538021482
0,Healthcare IT,3.583846680355921,0,3,0.3333333333333333,0,0,1052.3333333333333,6.959715017912848
0,Financial Services,3.7754962354551678,0,3,0.3333333333333333,0,0,989.8,6.898512697615204
0,Education/Training,7.2060232717316905,0,2,0.0,0,1,96.5,4.579852378003801
0,Software,3.5044490075290895,0,1,0.0,0,0,1.0,0.6931471805599453
0,Other,1.264887063655031,0,3,0.0,0,0,6344.272727272727,8.75546536224645
0,Software,4.005475701574264,0,2,0.0,0,0,1607.0,7.382746449738912
0,Internet,6.524298425735798,0,1,0.0,0,0,2.0,1.0986122886681098
0,"Automobiles, Other Vehicles & Parts",6.036960985626283,0,2,0.5,0,0,1894.25,7.547106034936413
0,Software,0.8624229979466119,0,2,0.5,0,0,8837.25,9.086844172233365
0,Financial Services,1.434633812457221,0,4,0.25,1,1,281.0,5.641907070938114
0,Education/Training,4.479123887748118,0,2,1.0,0,0,2321.6666666666665,7.750471229864229
0,Financial Services,9.754962354551678,0,1,1.0,0,1,73.5,4.310799125385514
0,Financial Services,3.7316906228610542,0,3,1.0,0,1,3893.0,8.267192185932146
0,Other,2.461327857631759,1,1,0.0,0,0,7.0,2.0794415416798357
0,Business Support Services,9.935660506502396,0,1,0.0,0,0,16.0,2.833213344056216
0,Financial Services,8.91170431211499,1,1,1.0,0,1,14.0,2.70805020110221
0,Financial Services,6.9021218343600275,0,1,1.0,0,0,11.0,2.4849066497880004
0,Pharmaceuticals,2.9349760438056127,1,1,1.0,0,0,493.0,6.202535517187923
0,Internet,9.749486652977414,0,1,1.0,0,0,1288.0,7.161622002939187
0,Internet,7.923340177960301,0,1,0.0,0,0,11439.0,9.344871264933788
0,Medical Devices & Equipment,8.596851471594798,0,3,0.0,0,0,419.0,6.040254711277414
0,Food,1.2566735112936345,1,1,0.0,0,0,87.0,4.477336814478207
0,Financial Services,7.14031485284052,1,2,0.5,0,0,281.5,5.643678550586496
0,Food,4.607802874743326,0,1,1.0,0,0,70.0,4.2626798770413155
0,Financial Services,9.86173853524983,0,2,1.0,0,0,144.5,4.980176086611547
0,Software,3.189596167008898,0,3,0.3333333333333333,0,0,7.333333333333333,2.120263536200091
0,Software,0.5338809034907598,0,1,0.0,0,0,12.0,2.5649493574615367
0,Other,3.373032169746749,0,4,0.0,0,0,10069.4,9.217355706870087
0,Other,9.47296372347707,0,1,1.0,0,0,955.0,6.862757913051401
0,Education/Training,0.5694729637234771,0,1,1.0,0,0,477.0,6.169610732491456
0,Other,0.49828884325804246,1,1,1.0,0,1,20.0,3.044522437723423
1,Internet,9.292265571526352,0,1,0.0,0,0,2.0,1.0986122886681098
1,Logistics & Distribution,1.9685147159479808,0,2,0.5,0,0,9794.5,9.189678375528088
0,Consumer Products,1.2210814510609171,0,1,0.0,0,0,4.0,1.6094379124341003
0,Food,5.360711841204655,0,2,1.0,0,0,2144.5,7.67112790443158
0,Food,9.919233401779604,0,4,0.3333333333333333,0,0,4091.0,8.316789127071518
0,Other,6.959616700889802,1,1,1.0,0,1,4.0,1.6094379124341003
0,Consumer Products,6.247775496235455,1,1,0.0,0,1,35.0,3.58351893845611
0,Financial Services,9.639972621492129,1,3,0.6666666666666666,0,0,266.3333333333333,5.588496319198405
0,Software,3.4277891854893907,0,4,0.0,1,0,4102.75,8.319656468815802
0,Other,9.571526351813826,0,1,0.0,0,0,15.0,2.772588722239781
1,Agribusiness,1.842573579739904,0,1,0.0,0,0,3099.0,8.039157390473237
0,Financial Services,4.3203285420944555,0,1,1.0,0,0,132.0,4.890349128221754
1,"Automobiles, Other Vehicles & Parts",5.853524982888432,0,2,0.0,0,0,1565.0,7.356279876550748
0,Other,3.137577002053388,0,2,0.0,0,0,844.75,6.740223807660818
0,Education/Training,4.917180013689254,0,1,0.0,0,0,25.0,3.258096538021482
0,Consumer Products,6.874743326488707,0,1,0.0,0,0,4.0,1.6094379124341003
1,Consumer Products,2.0314852840520192,0,1,0.0,0,0,3099.0,8.039157390473237
0,Software,3.274469541409993,0,1,1.0,0,0,124.0,4.8283137373023015
0,Other,5.158110882956879,0,5,0.6,0,0,607.6,6.411161237462871
0,Other,5.522245037645448,0,2,0.0,0,1,10392.0,9.248887781588422
0,Software,9.765913757700206,0,3,0.0,0,0,1104.3333333333333,7.007902227587076
0,Other,5.8288843258042435,0,1,0.0,0,0,210.0,5.351858133476067
0,Financial Services,4.862422997946612,1,1,0.0,0,0,6.0,1.9459101490553132
0,Other,8.758384668035593,1,1,0.0,0,0,11.0,2.4849066497880004
0,Healthcare IT,4.27378507871321,0,3,0.3333333333333333,0,0,355.0,5.87493073085203
0,Software,9.486652977412732,0,5,0.4,0,0,2761.0,7.923710333969238
0,Internet,9.169062286105408,0,3,0.5,0,0,15626.666666666666,9.65679812670937
0,Internet,6.220396988364135,0,4,1.0,0,0,6306.5,8.749494680515213
0,Software,2.8884325804243667,0,4,0.75,0,0,1892.0,7.545918151209323
0,Software,9.752224503764545,0,1,0.0,0,0,9.0,2.302585092994046
0,Food,4.804928131416838,0,4,0.5,0,0,900.75,6.804337319783649
0,Internet,4.254620123203286,0,4,0.75,0,0,106.75,4.6798137289838575
0,Internet,9.801505817932922,0,2,0.0,0,0,16631.666666666668,9.719123912107948
0,Internet,7.2908966461327855,0,6,0.5,0,0,2115.4285714285716,7.657485310952352
0,Pharmaceuticals,5.119780971937029,1,1,1.0,0,0,493.0,6.202535517187923
0,Agribusiness,2.0561259411362083,0,4,0.5,0,0,218.4,5.3908965478411295
0,Software,6.622861054072553,0,2,1.0,0,0,50.0,3.9318256327243257
0,Financial Services,4.684462696783025,0,3,0.5,0,0,5549.666666666667,8.621673319646757
1,Other,7.052703627652293,1,1,1.0,0,0,132.0,4.890349128221754
1,Other,7.082819986310746,0,1,1.0,0,0,132.0,4.890349128221754
0,Other,5.530458590006845,0,3,0.0,0,0,15690.0,9.660842578559068
0,Consumer Products,1.7905544147843941,0,3,0.0,0,0,1473.0,7.295735072749282
0,Other,5.7412731006160165,0,2,0.0,0,0,23479.0,10.063904273942033
0,Other,0.33401779603011633,0,2,0.5,0,0,16637.0,9.719444514843833
0,Agribusiness,8.02737850787132,0,1,0.0,0,0,10.0,2.3978952727983707
0,Business Support Services,3.5044490075290895,0,5,0.2,0,0,8377.5,9.033424179840779
0,Food,5.25119780971937,0,2,1.0,0,0,1484.5,7.303506694902662
0,Software,6.562628336755647,0,1,0.0,0,0,3099.0,8.039157390473237
0,Food,6.765229295003422,1,1,0.0,0,0,3.0,1.3862943611198906
0,Other,8.295687885010267,1,2,0.5,0,1,7.0,2.0794415416798357
0,Consumer Products,0.26283367556468173,0,1,0.0,0,0,2939.6153846153848,7.986374152924534
0,Other,2.2340862422997945,0,4,0.0,0,0,63.0,4.1588830833596715
0,Software,2.3846680355920604,0,7,0.4285714285714285,0,0,79.57142857142857,4.389144102442746
0,Other,1.8562628336755647,1,1,0.0,0,1,35.0,3.58351893845611
1,Other,0.2299794661190965,0,1,0.0,0,0,12.0,2.5649493574615367
0,Internet,3.79192334017796,0,2,0.5,0,0,12758.0,9.453992183921743
0,Other,5.100616016427105,0,4,1.0,0,0,57.75,4.073291153024268
0,Other,4.563997262149213,0,2,0.5,0,0,1380.3333333333333,7.230804495271209
0,Healthcare,9.160848733744011,0,1,0.0,0,1,3.0,1.3862943611198906
0,Other,4.895277207392197,0,2,0.0,0,0,22.5,3.1570004211501135
0,Medical Devices & Equipment,8.914442162902121,0,1,0.0,0,0,5.0,1.791759469228055
0,Software,9.475701574264203,0,1,1.0,1,0,312.0,5.746203190540153
0,Software,5.916495550992471,0,4,0.5,0,0,930.0,6.836259277277067
1,Financial Services,3.7672826830937716,0,1,0.0,0,0,248.0,5.517452896464707
0,Business Support Services,4.380561259411362,0,4,0.25,1,0,3915.6,8.272979209482736
0,Internet,8.084873374401095,0,3,0.0,0,0,1073.0,6.97914527506881
0,Financial Services,4.7939767282683095,0,3,1.0,0,0,8638.166666666666,9.064061406529158
0,Internet,3.9452429842573578,0,4,0.25,0,0,18876.545454545456,9.845728423543598
0,Healthcare IT,6.8172484599589325,0,4,0.25,0,0,11746.0,9.371353167823885
0,Consumer Products,0.15331964407939766,0,1,0.0,0,0,3099.0,8.039157390473237
0,Software,1.160848733744011,0,3,0.0,0,0,555.0,6.320768294250582
0,Other,4.741957563312799,0,2,1.0,0,0,23428.5,10.061751191111952
1,"Automobiles, Other Vehicles & Parts",3.6030116358658453,0,1,0.0,0,0,69.0,4.248495242049359
0,Software,1.9767282683093772,0,1,1.0,0,0,26424.666666666668,10.182091039054702
0,Retail,9.845311430527037,0,2,1.0,0,0,10431.6,9.252690797849914
0,Consumer Products,3.8466803559206024,0,3,0.6666666666666666,0,1,4926.25,8.502536302072604
1,Financial Services,2.973305954825462,0,2,0.5,0,0,6519.0,8.782629654920699
0,Software,2.8966461327857633,0,6,1.0,0,0,8411.444444444445,9.03746737000184
1,Healthcare,2.080766598220397,0,1,1.0,0,0,4833.333333333333,8.48349851489214
0,Internet,8.733744010951403,0,2,0.0,0,0,1439.0,7.272398392570047
0,Consumer Products,5.749486652977413,1,1,0.0,0,1,13.0,2.6390573296152584
0,Financial Services,8.580424366872005,0,2,0.5,0,0,2297.5,7.740012015246283
0,Other,3.2908966461327855,0,2,0.5,0,0,5886.0,8.68050180902826
0,Consumer Products,9.475701574264203,0,3,0.6666666666666666,0,1,394.0,5.978885764901122
0,Other,1.51129363449692,0,3,0.0,0,0,43.0,3.784189633918261
0,Consumer Products,6.272416153319644,0,6,0.3333333333333333,0,0,211.66666666666663,5.35972599467668
0,Other,5.604380561259411,0,6,0.1666666666666666,0,0,706.875,6.562267524433969
0,Software,1.3908281998631074,0,3,0.3333333333333333,0,0,13756.5,9.529339408933915
0,Consumer Products,0.8843258042436687,0,4,0.25,0,0,3188.125,8.06750186348238
0,Education/Training,9.686516084873375,0,1,1.0,0,0,4363.0,8.381144346952961
0,Software,2.3436002737850785,0,4,0.0,0,0,7444.285714285715,8.91533632104873
0,Consumer Products,3.728952772073922,0,1,1.0,0,0,53.0,3.9889840465642745
0,Consumer Products,3.19233401779603,0,1,0.0,0,0,210.0,5.351858133476067
0,Financial Services,2.9130732375085557,0,1,1.0,0,0,46.0,3.8501476017100584
0,Healthcare,2.11088295687885,0,2,0.5,0,0,5583.75,8.627794947744032
0,Financial Services,5.3990417522245036,0,3,0.3333333333333333,0,0,366.6666666666667,5.907176730585393
0,Business Support Services,5.845311430527036,0,1,0.0,0,0,8.0,2.1972245773362196
0,Other,6.349075975359343,0,2,0.0,0,0,1631.0,7.397561535524052
0,Consumer Products,2.409308692676249,0,2,0.0,0,0,16701.333333333332,9.723303709203721
0,Other,4.046543463381246,1,1,0.0,0,0,8.0,2.1972245773362196
0,Medical Devices & Equipment,7.704312114989733,0,2,1.0,0,0,2036.3333333333333,7.619397042178247
0,Other,1.4154688569472964,0,1,0.0,0,0,7.0,2.0794415416798357
0,Other,3.5592060232717317,0,2,0.0,0,0,517.0,6.249975242259483
1,Internet,9.52498288843258,0,2,0.0,0,0,1555.5,7.350194989881663
0,Consumer Products,6.420260095824777,0,4,0.0,0,1,851.8,6.74852505341158
0,Education/Training,9.404517453798768,0,1,1.0,0,0,37.0,3.6375861597263857
0,Software,3.5263518138261465,0,3,0.0,0,0,353.0,5.869296913133774
1,Software,1.0841889117043122,0,1,0.0,0,0,99.0,4.605170185988092
0,Other,2.409308692676249,0,2,0.0,0,0,1607.0,7.382746449738912
1,Software,8.61327857631759,0,1,0.0,0,0,9.0,2.302585092994046
0,Pharmaceuticals,7.868583162217659,0,1,0.0,0,1,4.0,1.6094379124341003
0,Software,8.05201916495551,0,5,0.6,0,0,368.6,5.912421339767529
0,Other,7.436002737850787,0,3,0.6666666666666666,0,0,11725.75,9.369627835908593
0,Consumer Products,6.784394250513347,0,1,0.0,0,0,25.0,3.258096538021482
0,Other,8.462696783025326,0,2,1.0,0,0,12909.8,9.465819449387864
0,Internet,7.737166324435318,0,1,0.0,0,0,8.0,2.1972245773362196
0,Logistics & Distribution,2.11088295687885,0,1,0.0,0,0,16.0,2.833213344056216
0,Software,2.3901437371663246,0,2,0.0,0,0,31350.6,10.353020581441355
1,Retail,2.431211498973306,0,3,0.0,0,0,11970.0,9.39024233725137
0,Other,2.086242299794661,0,1,0.0,0,0,1661.5,7.416077772530009
0,Software,3.7973990417522243,0,1,0.0,0,0,99.0,4.605170185988092
0,Internet,8.328542094455852,0,1,0.0,0,0,44.0,3.8066624897703196
0,Other,0.14510609171800137,0,2,0.5,0,0,8064.0,8.99528899055931
0,Other,4.068446269678303,1,1,1.0,0,0,30.0,3.4339872044851463
1,Education/Training,6.803559206023272,0,3,0.6666666666666666,0,0,4295.0,8.3654396361887
0,Software,3.592060232717317,0,2,0.5,0,0,4224.333333333333,8.348853432142702
1,Consumer Products,7.3319644079397674,0,2,0.5,0,1,97.0,4.584967478670572
0,Other,0.06023271731690623,0,3,0.0,0,0,637.8,6.459591416340857
0,Pharmaceuticals,1.0924024640657084,0,1,1.0,0,0,3.0,1.3862943611198906
0,Other,8.191649555099247,0,1,0.0,0,0,9.0,2.302585092994046
0,Financial Services,3.5564681724845997,0,1,1.0,0,0,4363.0,8.381144346952961
0,Other,3.07460643394935,0,2,0.0,0,0,557.0,6.324358962381311
0,Internet,9.253935660506503,0,1,1.0,0,0,486.0,6.18826412308259
0,Other,9.415468856947296,0,1,0.0,0,1,8.0,2.1972245773362196
0,Business Support Services,3.1950718685831623,0,3,0.0,0,1,43.333333333333336,3.791736839553644
0,Food,6.795345653661875,1,1,1.0,0,0,379.0,5.940171252720432
0,Financial Services,1.623545516769336,0,2,0.0,0,0,16637.333333333332,9.719464549102415
0,Financial Services,7.835728952772074,0,2,0.0,0,0,747.0,6.617402977974478
1,Software,4.944558521560575,0,2,0.0,0,0,1420.3333333333333,7.25935067717757
0,Internet,8.462696783025326,0,1,1.0,0,0,696.0,6.546785410760524
0,Other,7.5893223819301845,0,3,0.0,0,0,15602.666666666666,9.655261208354455
1,Other,4.577686516084873,0,1,0.0,0,1,35.0,3.58351893845611
0,Software,2.4722792607802875,0,2,0.0,0,0,552.5,6.316261752148692
0,Software,3.865845311430527,0,2,0.5,0,0,6552.0,8.787678239039497
0,Other,3.9425051334702257,0,1,0.0,0,0,99.0,4.605170185988092
0,Agribusiness,6.757015742642026,0,1,0.0,0,0,10.0,2.3978952727983707
0,Financial Services,2.8720054757015743,0,2,0.5,0,0,6408.0,8.765458531504226
0,Internet,8.829568788501026,0,1,1.0,0,0,8918.5,9.095995170191323
0,Logistics & Distribution,7.030800821355236,0,1,0.0,0,0,163.0,5.099866427824199
0,Retail,9.582477754962355,0,3,1.0,0,0,276.0,5.6240175061873385
0,Software,9.620807665982204,0,1,0.0,0,0,2101.0,7.650644551436897
1,Retail,2.954140999315537,0,2,0.0,0,0,23398.0,10.06044856538989
0,Financial Services,7.170431211498974,0,1,1.0,0,0,2662.0,7.887208585813932
0,Consumer Products,2.004106776180698,0,1,1.0,0,0,689.0,6.536691597591305
0,Internet,9.571526351813826,0,1,0.0,0,0,15.0,2.772588722239781
0,Internet,5.634496919917864,0,3,0.0,0,0,75.66666666666667,4.339467020255086
0,Software,3.6386036960985626,0,4,0.3333333333333333,0,0,11771.25,9.373500345961029
0,Software,2.105407255304586,0,1,1.0,0,0,560.0,6.329720905522696
0,Software,4.142368240930869,0,2,0.5,0,0,3883.6666666666665,8.26479245903491
0,Pharmaceuticals,9.330595482546201,0,3,1.0,0,1,147.0,4.997212273764115
0,Other,0.4736481861738535,0,1,0.0,0,0,1.0,0.6931471805599453
0,Software,2.324435318275154,0,1,1.0,0,0,7893.4,8.973908926335037
0,Software,2.409308692676249,0,4,0.0,0,0,7151.142857142857,8.87516729108659
0,Other,5.28952772073922,1,1,1.0,0,1,6.0,1.9459101490553132
0,Software,3.6659822039698837,0,6,0.3333333333333333,0,0,929.875,6.8361250040308095
0,Other,7.950718685831622,0,2,0.0,0,0,1385.3333333333333,7.234417651074802
0,Software,8.030116358658454,0,1,0.0,0,0,5.0,1.791759469228055
0,"Automobiles, Other Vehicles & Parts",3.753593429158111,0,2,0.0,0,1,73.0,4.30406509320417
1,Other,9.44832306639288,0,1,0.0,0,0,3099.0,8.039157390473237
0,Other,3.7097878165639973,0,1,0.0,0,0,3.0,1.3862943611198906
0,Software,4.813141683778234,0,2,0.0,0,0,565.0,6.338594078203183
0,Internet,9.363449691991786,0,3,0.3333333333333333,0,0,1099.3333333333333,7.003368443185083
0,Internet,2.3956194387405887,0,4,0.3333333333333333,1,0,11740.5,9.37088485353387
0,Other,3.5071868583162216,0,4,0.0,0,0,878.4,6.77923985674671
1,Education/Training,8.180698151950718,0,1,1.0,0,0,4.0,1.6094379124341003
0,Software,4.249144421629021,0,4,0.25,0,0,47.0,3.871201010907891
1,Food,9.911019849418206,0,1,0.0,0,0,3099.0,8.039157390473237
0,Financial Services,9.960301163586584,1,1,1.0,0,0,60.0,4.110873864173311
0,Internet,9.284052019164955,0,2,0.0,0,0,17.0,2.8903717578961645
0,Healthcare,5.577002053388091,0,3,0.3333333333333333,0,0,4386.25,8.386457886093716
0,Internet,6.395619438740589,0,1,0.0,0,0,52.0,3.970291913552122
0,Financial Services,0.5941136208076659,0,5,0.0,0,0,1530.6666666666667,7.334111746121677
0,Financial Services,9.639972621492129,0,3,0.0,0,0,15741.333333333334,9.664108753254819
0,Education/Training,9.136208076659821,1,1,1.0,0,0,469.0,6.152732694704104
0,Other,3.969883641341547,0,4,0.0,0,0,4145.75,8.330080173886152
1,Other,8.68993839835729,1,1,1.0,0,1,49.0,3.912023005428146
0,Consumer Products,0.27652292950034224,0,1,1.0,0,0,46.0,3.8501476017100584
0,Other,2.1738535249828885,0,5,0.0,0,1,9391.8,9.147698717316002
0,Other,9.44558521560575,0,1,1.0,0,0,324.0,5.783825182329737
0,Consumer Products,0.7994524298425736,0,1,0.0,0,0,7.0,2.0794415416798357
0,Consumer Products,6.573579739904175,0,4,0.0,0,0,839.75,6.734294350620379
0,Healthcare,1.4565366187542779,0,1,1.0,0,0,7.0,2.0794415416798357
0,Consumer Products,6.896646132785763,0,2,0.0,0,0,2104.3333333333335,7.652229086707423
0,Software,3.994524298425736,0,2,1.0,0,0,7911.0,8.976135873302548
0,Other,2.4503764544832305,0,2,1.0,0,0,1370.0,7.223295679562314
0,Financial Services,8.829568788501026,0,2,0.0,0,1,1552.0,7.347943823148687
0,Education/Training,2.3107460643394937,0,1,0.0,0,0,11247.666666666666,9.328004882090173
1,Software,0.8186173853524983,0,1,0.0,0,0,37.0,3.6375861597263857
0,Business Support Services,4.747433264887063,0,1,1.0,0,0,28.0,3.367295829986474
0,Software,3.0088980150581794,0,3,0.3333333333333333,0,0,1880.25,7.539691728497186
0,Healthcare IT,6.499657768651608,0,1,0.0,0,0,15.0,2.772588722239781
0,Software,4.432580424366872,0,2,0.0,0,0,83.0,4.430816798843313
0,Agribusiness,6.053388090349076,0,4,0.5,0,0,574.5,6.355239228161937
0,Retail,9.949349760438055,0,2,0.5,0,0,861.5,6.759835148905514
0,Software,9.048596851471595,0,1,0.0,1,0,19.0,2.995732273553991
0,Other,2.5872689938398357,0,5,0.2,0,0,672.6666666666666,6.512735428735511
0,Software,3.060917180013689,0,1,1.0,0,0,46.0,3.8501476017100584
0,Education/Training,4.498288843258043,0,3,0.3333333333333333,0,0,32.0,3.4965075614664802
0,Software,4.7501711156741955,0,3,0.6666666666666666,0,0,47.666666666666664,3.884994333040227
0,Other,5.735797399041752,1,1,1.0,0,0,73.0,4.30406509320417
0,Software,3.29637234770705,0,1,0.0,0,0,7.0,2.0794415416798357
0,Software,1.6974674880219027,0,1,0.0,0,0,210.0,5.351858133476067
0,Software,0.36413415468856947,0,2,0.0,0,0,6.5,2.0149030205422647
0,Software,8.043805612594113,0,1,1.0,0,0,1033.0,6.9411900550683745
0,Software,6.751540041067762,0,2,0.5,0,0,16643.666666666668,9.719845123774757
0,Financial Services,9.623545516769337,0,2,0.0,0,1,1554.0,7.349230824613334
0,Medical Devices & Equipment,7.5893223819301845,0,1,0.0,0,0,10.0,2.3978952727983707
0,Other,3.249828884325804,0,1,0.0,0,0,3099.0,8.039157390473237
0,Business Support Services,3.1047227926078027,0,1,0.0,0,0,210.0,5.351858133476067
0,Other,4.331279945242985,0,4,0.75,0,0,10540.4,9.263065640599063
0,Software,8.982888432580424,0,2,0.5,0,0,380.0,5.942799375126701
0,Software,4.043805612594114,0,2,1.0,0,0,20976.333333333332,9.951197768692204
0,Other,7.025325119780972,1,1,1.0,0,1,83.0,4.430816798843313
0,"Automobiles, Other Vehicles & Parts",6.746064339493498,1,1,1.0,0,0,509.0,6.234410725718371
0,Pharmaceuticals,8.952772073921972,0,3,1.0,0,1,42.0,3.7612001156935624
1,Other,9.828884325804244,1,1,1.0,0,1,1.0,0.6931471805599453
0,Other,3.1786447638603694,0,3,0.3333333333333333,0,0,12507.0,9.434123718577732
1,Other,0.6817248459958932,0,1,0.0,0,0,6413.75,8.766355305129
0,Software,9.122518822724162,0,1,1.0,0,0,4363.0,8.381144346952961
0,Software,3.7371663244353184,0,3,0.0,0,0,1089.0,6.993932975223189
0,Food,3.34839151266256,0,2,0.5,0,0,1376.6666666666667,7.228146525843623
1,Consumer Products,6.422997946611909,0,2,0.0,0,0,53.5,3.9982007016691985
0,Business Support Services,0.24914442162902123,0,1,0.0,0,0,210.0,5.351858133476067
0,Healthcare,8.07939767282683,0,3,1.0,0,0,142.0,4.962844630259907
1,Business Support Services,3.707049965776865,1,1,0.0,0,0,4.0,1.6094379124341003
0,Other,1.103353867214237,1,1,0.0,0,0,6.0,1.9459101490553132
0,Healthcare IT,8.810403832991103,0,3,0.6666666666666666,0,0,501.0,6.218600119691729
0,Agribusiness,8.229979466119097,0,1,0.0,0,0,33.0,3.5263605246161616
0,Pharmaceuticals,8.465434633812457,0,1,1.0,0,0,3.0,1.3862943611198906
0,Software,3.488021902806297,0,1,0.0,0,0,4.0,1.6094379124341003
0,"Automobiles, Other Vehicles & Parts",2.973305954825462,0,1,0.0,0,0,4.0,1.6094379124341003
1,Other,7.044490075290897,0,1,0.0,0,0,6.0,1.9459101490553132
0,Software,1.620807665982204,0,1,0.0,0,0,7.0,2.0794415416798357
0,Other,9.686516084873375,0,3,0.6666666666666666,0,0,442.3333333333333,6.09432193254769
0,Consumer Products,7.775496235455168,0,1,0.0,0,1,8.0,2.1972245773362196
0,Software,2.099931553730322,0,2,0.0,0,0,656.5,6.48844476405192
1,Education/Training,4.0,0,4,0.0,0,0,1568.5,7.358512376282008
0,Other,3.3155373032169746,0,1,0.0,0,0,1.0,0.6931471805599453
0,Software,3.373032169746749,0,4,0.75,0,0,10434.5,9.252968734031805
0,Financial Services,7.12662559890486,0,4,0.3333333333333333,0,1,11719.75,9.369116054257589
0,Financial Services,8.618754277891854,1,1,1.0,0,1,23.0,3.1780538303479458
0,Internet,9.618069815195073,0,3,0.3333333333333333,0,0,54.666666666666664,4.019381523748645
0,Financial Services,5.084188911704312,1,1,0.0,0,0,11.0,2.4849066497880004
0,Software,5.9986310746064335,0,2,1.0,0,0,110.5,4.7140245909001735
0,Financial Services,7.841204654346338,0,3,0.5,0,0,15625.0,9.65669147255669
0,Food,9.360711841204655,1,2,0.5,0,0,9.5,2.3513752571634776
0,Internet,3.893223819301848,0,5,0.0,0,0,756.5,6.630023537383524
0,Software,2.2669404517453797,0,1,1.0,0,0,46.0,3.8501476017100584
0,Medical Devices & Equipment,4.547570157426421,0,1,0.0,0,0,163.0,5.099866427824199
0,Agribusiness,7.392197125256674,0,4,0.25,0,0,788.0,6.670766320845874
0,Software,8.098562628336756,0,1,0.0,0,0,21.0,3.091042453358316
0,Software,8.334017796030116,0,3,0.6666666666666666,0,0,5295.0,8.574707097616844
0,Other,1.0677618069815196,0,1,0.0,0,0,5.0,1.791759469228055
0,Business Support Services,4.082135523613963,0,2,0.5,0,0,1624.0,7.393263094763838
0,Internet,9.867214236824093,0,2,0.0,0,0,1588.0,7.370860166536716
1,Other,8.580424366872005,1,1,1.0,0,0,238.5,5.4785534168509695
0,Logistics & Distribution,8.030116358658454,1,1,0.0,0,0,5.0,1.791759469228055
0,Financial Services,6.869267624914442,1,1,1.0,0,1,10.0,2.3978952727983707
0,Financial Services,8.328542094455852,0,3,1.0,0,0,1089.3333333333333,6.9942387388702745
0,Software,9.347022587268993,0,2,0.5,0,0,899.5,6.802950164616011
0,Software,9.084188911704311,0,1,0.0,0,0,11.0,2.4849066497880004
0,Education/Training,9.69472963723477,0,2,0.0,0,0,205.5,5.330300412401088
0,Medical Devices & Equipment,9.478439425051334,0,1,1.0,0,0,12.0,2.5649493574615367
0,Healthcare,3.5017111567419574,0,3,0.3333333333333333,0,0,13175.4,9.486182629623753
0,Other,6.806297056810404,0,1,0.0,0,0,397.0,5.986452005284438
0,Software,3.2580424366872007,0,3,0.3333333333333333,0,0,1500.4,7.314153285138902
0,Education/Training,3.274469541409993,0,3,0.3333333333333333,0,0,4120.0,8.323851131338817
0,Education/Training,4.889801505817933,0,2,0.0,0,0,1673.5,7.423269892234259
0,Software,3.6139630390143735,0,2,0.0,0,0,1614.5,7.387399785264553
0,Internet,3.271731690622861,0,4,1.0,0,0,9582.857142857143,9.167835414448765
0,Financial Services,2.028747433264887,0,2,0.0,0,0,8182.5,9.009875210945939
0,Other,8.172484599589323,0,2,0.0,0,0,23403.5,10.060683590549347
0,Other,3.561943874058864,0,2,1.0,0,0,6414.333333333333,8.766446237248237
0,Healthcare,8.210814510609172,0,2,0.5,0,0,80.0,4.394449154672439
1,Software,9.946611909650924,1,1,1.0,0,0,258.0,5.556828061699537
0,Software,2.54072553045859,0,3,0.3333333333333333,0,0,12702.6,9.449640696845123
0,Medical Devices & Equipment,0.06023271731690623,0,1,0.0,0,0,10.0,2.3978952727983707
0,Healthcare,8.654346338124572,0,1,1.0,0,0,955.0,6.862757913051401
1,Internet,2.639288158795346,0,1,0.0,0,0,32.0,3.4965075614664802
1,Other,0.7611225188227242,0,1,0.0,0,0,9728.5,9.18291778639821
0,Retail,5.516769336071184,0,1,0.0,0,0,16.0,2.833213344056216
1,Internet,2.4668035592060233,0,2,0.5,0,0,30.0,3.4339872044851463
0,Healthcare IT,0.6242299794661191,0,2,1.0,0,0,102.0,4.634728988229636
0,Agribusiness,7.222450376454483,0,2,0.5,0,0,557.5,6.3252546185092555
0,Internet,9.210130047912388,0,2,0.0,0,0,5643.5,8.638436898701602
0,Food,8.407939767282683,0,1,0.0,0,0,4.0,1.6094379124341003
0,Other,4.0629705681040384,0,1,1.0,0,0,11.0,2.4849066497880004
0,Consumer Products,6.091718001368926,0,4,0.25,0,0,49.0,3.912023005428146
1,Medical Devices & Equipment,0.2792607802874743,0,2,1.0,0,0,18556.14285714286,9.828610053603377
0,Software,2.543463381245722,0,4,0.75,0,0,2719.4444444444443,7.908550544634741
0,Software,8.58590006844627,0,4,0.0,0,0,11.0,2.4849066497880004
0,Other,3.575633127994524,1,1,0.0,0,0,19.0,2.995732273553991
0,Software,2.754277891854894,0,2,0.0,0,0,23400.0,10.060534035475412
0,Other,6.031485284052019,0,1,1.0,0,0,16121.0,9.687940077843546
0,Software,3.216974674880219,0,4,0.25,0,0,274.0,5.616771097666572
0,Software,9.749486652977414,0,1,1.0,0,0,21234.0,9.963406042747371
1,Retail,1.9356605065023955,0,2,1.0,0,0,3003.4285714285716,8.007842669628365
0,Healthcare,6.335386721423682,0,1,0.0,0,0,3.0,1.3862943611198906
0,Other,5.83709787816564,0,2,0.0,0,0,167.5,5.126935749792416
1,Agribusiness,0.9007529089664613,0,1,1.0,0,0,2005.5,7.604147189706971
1,Other,6.9021218343600275,1,1,0.0,0,0,32.0,3.4965075614664802
0,Consumer Products,3.540041067761807,0,2,0.5,0,1,69.5,4.255612709818223
1,Retail,1.264887063655031,0,1,0.0,0,0,3099.0,8.039157390473237
0,Other,9.404517453798768,1,1,1.0,0,0,1.0,0.6931471805599453
0,Software,2.5763175906913074,0,3,0.0,0,0,4874.75,8.492029217752687
0,Financial Services,9.245722108145106,0,3,1.0,0,0,11395.333333333334,9.341046945219276
0,Other,9.44558521560575,1,1,0.0,0,1,35.0,3.58351893845611
0,Logistics & Distribution,9.653661875427789,0,3,0.3333333333333333,0,0,425.6666666666667,6.056003068245553
0,Logistics & Distribution,4.158795345653662,0,2,0.0,0,0,1564.5,7.3559605407664606
0,"Automobiles, Other Vehicles & Parts",1.0431211498973305,0,1,0.0,0,0,76.0,4.343805421853684
0,Other,2.751540041067762,1,1,1.0,0,0,11.0,2.4849066497880004
0,Software,7.753593429158111,0,1,0.0,0,0,7.0,2.0794415416798357
0,Software,1.9356605065023955,0,1,0.0,0,0,5.0,1.791759469228055
0,Internet,9.097878165639973,0,3,0.6666666666666666,0,1,53.333333333333336,3.9951379121386528
0,Financial Services,9.88911704312115,0,3,0.6666666666666666,0,1,196.33333333333337,5.284894346215896
0,Other,7.3730321697467485,0,5,0.25,0,0,3333.0,8.111928063310739
0,Other,4.046543463381246,0,1,1.0,0,0,12.0,2.5649493574615367
1,Food,0.6516084873374401,0,1,0.0,0,0,91.0,4.5217885770490405
0,Software,3.19233401779603,0,3,0.0,0,0,1664.0,7.417580402414544
0,Financial Services,1.782340862422998,0,1,1.0,0,0,70.0,4.2626798770413155
0,Financial Services,3.4414784394250515,0,5,0.2,0,0,1543.0,7.342131730584722
0,Food,5.308692676249144,1,1,1.0,0,0,14.0,2.70805020110221
0,Education/Training,3.5564681724845997,0,2,0.0,0,0,522.5,6.260537030310592
0,Other,3.1731690622861053,0,1,0.0,0,0,8.0,2.1972245773362196
0,Software,4.867898699520876,0,3,0.0,0,0,5459.0,8.605204068738951
0,Software,2.951403148528405,0,4,0.0,0,0,11738.5,9.370714503037313
0,Other,5.111567419575633,0,2,0.0,0,0,6540.0,8.785845337961213
0,Software,4.213552361396304,0,5,0.2,0,1,387.0,5.961005339623274
0,Software,6.740588637919234,0,2,0.5,0,0,26.5,3.3141860046725258
0,Other,0.7775496235455168,0,1,0.0,0,0,2.0,1.0986122886681098
0,Financial Services,9.36892539356605,0,2,1.0,0,0,242.5,5.495116942522644
0,Financial Services,2.948665297741273,0,2,0.5,0,0,12752.0,9.4535218170269
0,Financial Services,3.5236139630390144,0,1,1.0,0,0,9.0,2.302585092994046
0,Other,5.322381930184805,0,1,0.0,0,1,3.0,1.3862943611198906
0,Financial Services,4.572210814510609,0,2,0.0,1,0,27.5,3.349904087274605
0,Other,8.566735112936344,0,2,0.0,0,0,1402.0,7.246368080102461
0,Financial Services,4.446269678302532,0,3,0.3333333333333333,0,0,22.0,3.1354942159291497
0,Healthcare,8.999315537303216,0,2,0.5,0,0,15944.333333333334,9.676921484420589
0,Other,0.7967145790554415,0,3,0.5,0,0,15650.0,9.658290091690503
0,"Automobiles, Other Vehicles & Parts",6.573579739904175,1,1,0.0,0,1,8.0,2.1972245773362196
0,Other,3.2251882272416155,0,1,1.0,0,0,124.0,4.8283137373023015
0,Software,1.0047912388774811,0,2,0.5,0,0,7.0,2.0794415416798357
0,Healthcare IT,3.077344284736482,0,1,0.0,0,0,210.0,5.351858133476067
0,Healthcare IT,8.350444900752908,0,1,0.0,0,0,47.0,3.871201010907891
0,Healthcare IT,7.723477070499658,0,7,0.1666666666666666,0,0,2458.4285714285716,7.807684313906198
0,Internet,7.394934976043806,0,3,1.0,0,0,224.33333333333337,5.417580787374854
0,Healthcare IT,7.915126625598905,0,1,0.0,0,0,163.0,5.099866427824199
0,Food,7.660506502395619,1,1,1.0,0,0,41.0,3.7376696182833684
1,Other,6.277891854893908,0,2,0.5,0,0,926.5,6.83249279448159
0,Internet,8.678986995208762,0,2,1.0,0,0,23398.5,10.060469933596137
0,Software,1.6618754277891854,0,2,0.0,0,0,37.0,3.6375861597263857
0,Software,5.059548254620124,0,6,0.1666666666666666,0,0,41.666666666666664,3.7534179752515073
0,Financial Services,4.870636550308008,0,3,0.6666666666666666,1,0,4229.25,8.350016371948737
0,Software,5.757700205338809,0,5,0.4,0,0,3333.2,8.111988049513931
0,Software,2.5489390828199863,0,5,0.2,0,0,266.8,5.5902404332570725
0,Financial Services,2.543463381245722,0,2,1.0,0,1,1670.25,7.421327128416153
0,Healthcare,7.750855578370979,1,2,0.5,0,1,3.5,1.5040773967762742
1,Other,8.922655715263518,1,1,1.0,0,1,3.0,1.3862943611198906
0,Healthcare,9.059548254620124,1,2,1.0,0,1,163.5,5.1029105702054265
0,Healthcare,0.6132785763175906,0,2,0.0,0,0,2757.3333333333335,7.922381911577154
1,Software,4.112251882272417,0,2,0.0,0,0,6540.0,8.785845337961213
0,Other,1.2950034223134839,0,2,0.0,0,0,29.5,3.417726683613366
1,Other,2.8747433264887063,0,1,0.0,0,0,59.0,4.0943445622221
0,Consumer Products,1.9000684462696784,0,2,0.0,0,0,2332.25,7.755017424445856
0,Consumer Products,1.2539356605065024,0,2,0.0,0,0,1568.5,7.358512376282008
0,Other,9.409993155373032,0,3,1.0,0,0,3600.8333333333335,8.189198254074972
0,Software,3.0691307323750854,0,2,0.5,0,0,13039.25,9.475796007076008
0,Consumer Products,1.5304585900068446,0,1,1.0,0,0,193.0,5.267858159063328
0,Internet,9.42094455852156,0,1,0.0,0,0,3099.0,8.039157390473237
0,Logistics & Distribution,5.023956194387406,0,4,0.0,0,0,340.75,5.834079475604059
0,Medical Devices & Equipment,6.067077344284736,0,1,0.0,0,0,25.0,3.258096538021482
0,Software,2.294318959616701,0,3,0.0,0,0,1405.6666666666667,7.248978118361948
0,Internet,9.32785763175907,0,2,0.0,0,0,2371.5,7.771699530484083
0,Consumer Products,6.179329226557153,1,1,0.0,0,0,3.0,1.3862943611198906
0,Financial Services,2.5817932922655715,0,2,0.0,0,0,580.0,6.364750756851911
0,Software,3.485284052019165,0,2,0.0,0,0,568.0,6.343880434126331
0,Financial Services,2.8966461327857633,0,2,0.0,0,0,580.0,6.364750756851911
1,Other,8.24640657084189,1,1,1.0,0,1,4.0,1.6094379124341003
0,"Automobiles, Other Vehicles & Parts",6.2587268993839835,0,1,0.0,0,0,115.0,4.7535901911063645
0,Medical Devices & Equipment,3.247091033538672,0,2,0.0,0,0,110.0,4.709530201312334
0,Education/Training,3.082819986310746,0,4,0.5,0,0,9999.2,9.210360371776185
0,Internet,9.522245037645447,0,3,0.3333333333333333,0,0,664.6666666666666,6.500789044747705
0,Consumer Products,3.542778918548939,0,1,0.0,0,1,20.0,3.044522437723423
0,Software,1.83709787816564,0,1,1.0,0,0,70.0,4.2626798770413155
0,Financial Services,3.7508555783709787,0,4,0.5,0,0,1504.0,7.316548177182976
0,Financial Services,3.2908966461327855,0,1,0.0,0,0,8.0,2.1972245773362196
0,Other,0.05475701574264202,0,2,0.0,0,0,554.0,6.318968113746434
0,Financial Services,5.385352498288843,0,3,0.6666666666666666,0,0,1317.2857142857142,7.184087470238331
0,Business Support Services,2.967830253251198,0,2,0.5,0,0,129.5,4.871373226762748
0,Software,9.399041752224504,0,2,0.0,0,0,1550.0,7.346655163176539
0,Food,3.403148528405202,0,4,0.25,0,0,11382.333333333334,9.339905576330827
0,Internet,6.940451745379876,0,2,0.5,0,1,1555.0,7.349873704738337
0,Internet,9.689253935660506,0,1,1.0,0,0,70.0,4.2626798770413155
0,Other,8.071184120465434,0,1,1.0,0,0,15815.0,9.668777364850452
0,Logistics & Distribution,9.57700205338809,0,1,1.0,0,0,12.0,2.5649493574615367
0,Other,0.25735797399041754,0,1,0.0,0,0,2.0,1.0986122886681098
1,Other,4.3641341546885695,0,1,1.0,0,0,2.0,1.0986122886681098
0,Other,3.3155373032169746,0,1,0.0,0,0,70.0,4.2626798770413155
0,Other,9.883641341546886,0,1,0.0,0,0,33.0,3.5263605246161616
0,Other,5.2676249144421625,0,1,1.0,0,0,12.0,2.5649493574615367
0,Financial Services,4.342231348391513,0,1,1.0,0,0,35.0,3.58351893845611
0,Internet,4.3668720054757015,0,1,0.0,0,0,210.0,5.351858133476067
0,Software,3.5181382614647503,0,3,0.0,0,1,1052.3333333333333,6.959715017912848
0,Education/Training,4.41615331964408,0,1,0.0,0,0,163.0,5.099866427824199
0,Education/Training,6.55441478439425,0,1,0.0,0,0,4.0,1.6094379124341003
0,Education/Training,6.798083504449007,0,4,0.0,0,0,13689.57142857143,9.524462657993661
0,Education/Training,4.323066392881588,0,2,0.5,0,0,1804.8,7.498758985873379
0,Internet,4.542094455852156,0,1,0.0,0,0,210.0,5.351858133476067
0,Food,8.490075290896646,0,1,1.0,0,0,7.0,2.0794415416798357
0,Agribusiness,4.5804243668720055,0,4,0.5,0,0,885.8333333333334,6.787657065368315
0,Agribusiness,3.403148528405202,0,1,1.0,0,0,13708.75,9.525862537525041
0,Internet,5.804243668720055,0,4,0.5,0,0,130.0,4.875197323201151
0,Other,6.510609171800137,0,1,0.0,0,0,224.0,5.41610040220442
0,Other,9.60164271047228,0,1,1.0,0,0,33.0,3.5263605246161616
0,Other,2.3326488706365502,0,2,0.0,0,0,1607.0,7.382746449738912
0,Financial Services,9.541409993155373,0,1,1.0,0,0,8.0,2.1972245773362196
0,Financial Services,0.892539356605065,1,2,0.5,0,0,15.0,2.772588722239781
0,Software,6.72416153319644,0,6,0.6666666666666666,0,0,2645.0,7.880804344674901
0,Consumer Products,4.566735112936345,0,2,0.5,0,1,52.5,3.979681653901961
0,Other,1.319644079397673,0,2,0.5,0,1,15709.0,9.662052731249666
0,Other,9.344284736481862,0,3,0.6666666666666666,0,0,11995.5,9.392370219560476
0,Agribusiness,9.593429158110883,0,1,0.0,0,0,28.0,3.367295829986474
0,Pharmaceuticals,0.49555099247091033,1,1,1.0,0,0,467.0,6.148468295917647
0,Pharmaceuticals,1.6974674880219027,1,1,0.0,0,0,10.0,2.3978952727983707
0,Internet,7.200547570157426,0,1,0.0,0,0,163.0,5.099866427824199
0,Internet,7.83025325119781,0,6,0.3333333333333333,0,1,2438.5714285714284,7.799577658831925
0,Pharmaceuticals,8.328542094455852,1,3,0.5,0,1,1514.6666666666667,7.323610665156901
0,Healthcare IT,3.2826830937713893,0,1,0.0,0,0,210.0,5.351858133476067
0,Retail,8.238193018480493,1,1,1.0,0,0,327.0,5.793013608384144
0,Other,2.4503764544832305,0,1,0.0,0,0,24947.0,10.124548937646013
0,Other,3.055441478439425,0,1,0.0,0,0,76.0,4.343805421853684
0,Business Support Services,8.347707049965777,0,2,1.0,0,0,4065.0,8.310414994188292
0,Logistics & Distribution,6.201232032854209,0,2,0.5,0,1,923.75,6.829523430712563
0,Software,5.519507186858316,0,1,1.0,0,0,12.0,2.5649493574615367
0,Software,4.309377138945927,0,1,0.0,0,0,248.0,5.517452896464707
0,Financial Services,1.0130047912388775,0,1,0.0,0,0,1.0,0.6931471805599453
0,Software,8.774811772758385,0,2,0.0,0,0,12.0,2.5649493574615367
0,"Automobiles, Other Vehicles & Parts",1.9685147159479808,0,2,0.5,0,0,11.5,2.5257286443082556
0,Business Support Services,9.045859000684462,0,1,1.0,0,1,2.0,1.0986122886681098
0,Other,3.3292265571526354,0,2,0.0,0,1,34.0,3.5553480614894135
0,Other,6.573579739904175,0,4,0.5,0,0,4380.625,8.385174939131526
0,Healthcare IT,3.9644079397672827,0,3,0.3333333333333333,0,0,1113.3333333333333,7.016011597751989
1,Software,9.850787132101301,0,2,0.0,0,0,1573.0,7.3613754289773485
0,Software,0.28199863107460643,0,7,0.7142857142857143,0,1,3384.1428571428573,8.127151387452267
0,Other,6.976043805612594,0,2,0.5,0,0,11982.5,9.391285982590206
0,Agribusiness,9.826146475017111,0,1,0.0,0,0,16.0,2.833213344056216
1,Pharmaceuticals,7.5044490075290895,0,1,1.0,0,0,1.0,0.6931471805599453
0,Software,6.620123203285421,0,1,0.0,0,0,9.0,2.302585092994046
1,Software,9.582477754962355,0,2,0.5,0,0,210.0,5.351858133476067
0,Internet,9.905544147843942,0,1,0.0,0,0,20.0,3.044522437723423
0,Retail,9.17180013689254,0,2,0.0,0,0,9.5,2.3513752571634776
0,Consumer Products,2.858316221765914,1,2,0.0,0,0,1554.5,7.349552316337692
0,Other,3.4496919917864477,0,1,0.0,0,0,20.0,3.044522437723423
0,Financial Services,0.5503080082135524,0,1,0.0,0,0,6.0,1.9459101490553132
0,Retail,0.783025325119781,0,5,0.0,0,0,226.4,5.426710581316436
0,Other,5.963039014373717,0,2,0.0,0,0,1644.0,7.405495663199472
1,Retail,5.6591375770020536,0,1,0.0,0,0,10.0,2.3978952727983707
0,Other,2.0616016427104724,0,3,0.0,0,0,27.0,3.332204510175204
0,"Automobiles, Other Vehicles & Parts",5.839835728952772,0,2,0.5,0,0,113.0,4.736198448394496
0,Software,6.806297056810404,0,1,0.0,0,0,31.0,3.4657359027997265
0,"Automobiles, Other Vehicles & Parts",4.347707049965777,0,1,1.0,0,0,1.0,0.6931471805599453
0,Software,7.175906913073238,0,1,0.0,0,0,47.0,3.871201010907891
0,Medical Devices & Equipment,7.98631074606434,0,2,0.0,0,0,8214.0,9.01371703047137
0,Other,5.327857631759069,0,3,0.0,0,0,5463.666666666667,8.606058404544866
0,"Automobiles, Other Vehicles & Parts",2.4804928131416837,0,2,0.0,0,0,1584.5,7.368655093978402
0,Consumer Products,2.130047912388775,0,1,0.0,0,0,4.0,1.6094379124341003
0,Internet,8.922655715263518,0,2,0.0,0,0,570.0,6.3473892096560105
0,Business Support Services,4.057494866529774,0,1,0.0,0,0,12.0,2.5649493574615367
1,Internet,1.2347707049965777,0,1,0.0,0,0,2063.0,7.6324011266014535
0,Healthcare,9.522245037645447,0,1,0.0,0,0,5.0,1.791759469228055
0,Software,3.7727583846680357,0,1,1.0,0,0,124.0,4.8283137373023015
0,Software,5.062286105407256,0,3,0.3333333333333333,0,0,789.75,6.672981862185758
0,Internet,5.494866529774128,0,1,1.0,0,0,25.0,3.258096538021482
0,Software,3.40041067761807,0,3,1.0,0,0,14511.25,9.582748399328914
0,Other,7.082819986310746,0,2,1.0,0,0,13.5,2.6741486494265287
0,Other,3.6358658453114305,0,4,0.25,1,0,20.75,3.079613757534693
0,Other,0.24914442162902123,0,3,0.3333333333333333,0,0,1045.3333333333333,6.953047268173844
0,Retail,5.158110882956879,0,2,0.0,0,0,1573.0,7.3613754289773485
0,Other,7.129363449691992,0,2,0.5,0,0,15394.5,9.641830537908497
0,Software,8.785763175906913,0,4,0.0,0,0,3099.1666666666665,8.039211152468896
0,Retail,9.905544147843942,0,2,0.0,0,0,11.0,2.4849066497880004
0,Retail,3.2087611225188226,0,3,0.0,0,0,12508.0,9.434203664214742
0,Other,5.434633812457221,0,2,0.0,0,0,23415.5,10.061196181064831
0,Education/Training,6.951403148528406,0,2,1.0,0,0,10.0,2.3978952727983707
0,Financial Services,9.401779603011637,0,3,1.0,0,0,44.0,3.8066624897703196
0,Other,3.997262149212868,0,3,0.3333333333333333,0,0,1195.0,7.086737934510577
0,Consumer Products,8.88432580424367,1,1,0.0,0,0,2.0,1.0986122886681098
0,Consumer Products,8.528405201916495,0,2,0.0,0,0,1579.0,7.365180126021013
0,Retail,4.522929500342231,0,1,0.0,0,0,10.0,2.3978952727983707
0,Software,8.229979466119097,0,2,0.0,0,0,1563.0,7.355001921105257
0,Food,2.759753593429158,0,2,0.0,0,0,1382.0,7.232010331664759
0,Agribusiness,3.077344284736482,0,4,0.0,0,0,4212.5,8.346048935212409
0,Software,7.529089664613279,0,2,0.5,0,0,5017.2,8.520826582648658
0,Financial Services,5.500342231348392,0,5,0.6,0,0,3841.142857142858,8.25378552565203
0,Software,4.610540725530458,0,1,0.0,1,0,22.0,3.1354942159291497
0,Software,8.229979466119097,0,1,0.0,0,0,3.0,1.3862943611198906
0,Software,4.251882272416153,0,2,0.5,0,0,13854.2,9.536415892414833
0,Internet,5.059548254620124,0,1,1.0,0,0,111.0,4.718498871295094
0,Other,4.167008898015058,0,1,1.0,0,0,155.0,5.049856007249537
0,Internet,7.748117727583847,0,1,0.0,0,0,115.0,4.7535901911063645
0,Internet,6.223134839151267,0,2,0.0,0,0,694.6666666666666,6.544870618409091
0,Agribusiness,6.584531143052704,0,2,0.0,0,0,518.0,6.251903883165888
0,Retail,9.744010951403148,0,6,0.2,1,0,7969.333333333333,8.983481594414492
0,Retail,5.798767967145791,0,4,0.0,0,0,4207.75,8.344920970475284
1,Logistics & Distribution,3.649555099247091,0,1,0.0,0,0,3099.0,8.039157390473237
0,Other,9.500342231348391,0,1,1.0,0,0,37.0,3.6375861597263857
0,Software,3.077344284736482,0,5,0.4,0,0,5097.0,8.53660358493606
0,Financial Services,6.639288158795345,0,1,0.0,0,1,5.0,1.791759469228055
0,Business Support Services,6.787132101300479,1,1,1.0,0,1,7.0,2.0794415416798357
0,Medical Devices & Equipment,2.945927446954141,0,3,0.0,0,0,383.3333333333333,5.951510231600949
0,Financial Services,3.6906228610540723,0,1,1.0,0,0,124.0,4.8283137373023015
0,Other,1.163586584531143,0,2,0.5,0,0,533.0,6.280395838960195
0,Pharmaceuticals,4.783025325119781,0,1,0.0,0,0,16.0,2.833213344056216
0,Software,1.264887063655031,0,1,1.0,0,0,46.0,3.8501476017100584
0,Education/Training,3.885010266940452,0,1,1.0,0,0,111.0,4.718498871295094
0,Software,4.079397672826831,0,2,0.5,0,0,9.0,2.302585092994046
0,Financial Services,2.86652977412731,0,4,0.0,0,0,3435.1666666666665,8.142111787942513
0,Financial Services,9.979466119096509,0,6,0.3333333333333333,1,1,369.42857142857144,5.914660636483351
0,Financial Services,4.772073921971253,0,3,0.0,0,1,40.0,3.713572066704308
0,Other,1.9876796714579055,0,2,0.0,0,0,20.0,3.044522437723423
1,Financial Services,3.02258726899384,0,2,0.0,0,0,1568.0,7.358193752733032
0,Financial Services,3.7754962354551678,0,3,0.0,0,0,1048.0,6.955592608396297
0,Financial Services,7.301848049281314,0,1,0.0,0,0,397.0,5.986452005284438
0,Financial Services,5.7440109514031485,0,3,0.0,0,0,1046.3333333333333,6.954002530147457
0,Financial Services,1.7987679671457906,0,6,0.3333333333333333,0,0,10495.727272727272,9.25881879924903
0,Software,9.533196440793978,0,1,1.0,0,1,41.0,3.7376696182833684
0,Financial Services,6.1738535249828885,0,1,1.0,0,0,41.0,3.7376696182833684
0,Retail,6.978781656399726,0,4,0.25,0,0,1269.0,7.146772179452637
0,Consumer Products,1.6563997262149213,0,3,0.6666666666666666,0,0,4906.636363636364,8.498547712547325
0,Software,3.0855578370978782,0,2,0.0,0,0,23502.5,10.064904625212574
0,Software,2.217659137577002,0,5,0.4,0,0,973.8,6.882232321751051
0,Financial Services,2.5051334702258727,0,4,0.75,0,0,12747.0,9.453129675537227
0,Internet,8.046543463381246,0,2,0.0,0,0,23479.0,10.063904273942033
0,Other,5.990417522245037,0,3,0.0,0,0,4175.75,8.337288711137887
0,Other,9.437371663244353,0,1,0.0,0,0,8.0,2.1972245773362196
0,Financial Services,9.908281998631075,1,1,0.0,0,0,32.0,3.4965075614664802
0,Consumer Products,0.6433949349760438,0,3,0.6666666666666666,1,0,52.0,3.970291913552122
1,Financial Services,1.7768651608487338,0,1,0.0,0,0,2684.6,7.895659445665825
0,Software,4.980150581793292,0,3,0.5,0,0,5770.333333333333,8.66065841310761
0,Logistics & Distribution,0.9527720739219713,0,2,0.0,0,0,5821.333333333333,8.669456376760284
0,Software,2.674880219028063,0,5,1.0,0,0,6539.111111111111,8.785709433773455
0,Financial Services,4.731006160164271,0,6,0.6666666666666666,0,0,108.0,4.6913478822291435
0,Consumer Products,5.683778234086242,0,3,0.0,0,0,1061.3333333333333,6.968223025749227
0,Software,3.383983572895277,0,5,0.2,0,0,683.2,6.528250272543504
0,Software,6.666666666666667,0,3,0.0,0,0,1072.6666666666667,6.978834860663089
0,Pharmaceuticals,1.0349075975359343,1,1,0.0,0,0,4.0,1.6094379124341003
0,Other,7.233401779603011,0,2,0.0,0,0,1458.0,7.285506548522785
0,Software,9.817932922655714,0,2,1.0,1,0,672.5,6.512487995850418
0,Software,6.04517453798768,0,1,0.0,0,0,10.0,2.3978952727983707
0,"Automobiles, Other Vehicles & Parts",3.030800821355236,0,4,0.0,0,0,4101.5,8.319351822964245
0,Internet,8.098562628336756,0,3,0.6666666666666666,0,0,57.0,4.060443010546419
0,Software,2.7132101300479126,0,1,1.0,0,0,2662.0,7.887208585813932
0,Internet,3.4086242299794662,0,2,0.5,0,0,2069.4,7.635497104306581
0,Software,7.906913073237509,0,3,0.6666666666666666,0,0,44.333333333333336,3.8140425970679424
1,Software,2.863791923340178,0,3,0.0,0,0,1066.6666666666667,6.973230860941048
0,Software,6.581793292265571,0,6,0.5,0,0,30.857142857142858,3.4612616224048054
0,Retail,2.8062970568104038,1,1,0.0,0,0,7.0,2.0794415416798357
1,Other,3.1238877481177276,0,1,0.0,0,0,6.0,1.9459101490553132
0,Food,8.960985626283367,0,2,0.5,0,1,417.0,6.035481432524756
0,Internet,7.616700889801506,0,1,0.0,0,0,2.0,1.0986122886681098
0,Food,4.498288843258043,0,4,0.5,0,0,792.5,6.676453539966464
0,Medical Devices & Equipment,6.798083504449007,0,3,0.3333333333333333,0,0,349.3333333333333,5.858885082208841
0,Software,3.482546201232033,0,7,0.7142857142857143,0,0,2707.0,7.903965634032166
0,Logistics & Distribution,7.756331279945243,0,2,0.0,0,0,22.5,3.1570004211501135
0,Other,9.270362765229295,0,1,0.0,0,0,69.0,4.248495242049359
0,Consumer Products,3.238877481177276,0,3,0.0,0,0,5479.666666666667,8.60898202704397
0,Consumer Products,6.3709787816564,0,4,0.0,0,0,821.5,6.712348482639527
0,Software,4.073921971252567,0,1,0.0,0,0,91.0,4.5217885770490405
0,Consumer Products,4.076659822039699,0,2,0.5,0,0,2497.6666666666665,7.823512535250148
0,Software,3.7508555783709787,0,2,0.0,0,0,1571.0,7.360103972989152
0,Internet,3.4414784394250515,0,4,0.0,0,0,11782.25,9.374434310495817
0,Food,2.223134839151266,0,2,0.0,0,0,23502.5,10.064904625212574
0,Other,2.108145106091718,0,2,1.0,0,0,24.5,3.2386784521643803
0,Food,0.9336071184120466,0,1,1.0,0,0,70.0,4.2626798770413155
0,Software,5.691991786447638,0,2,0.0,0,0,8.0,2.1972245773362196
0,Food,2.2778918548939084,0,1,1.0,0,0,1403.3333333333333,7.247317973310907
0,Food,8.777549623545516,0,2,1.0,0,0,8838.5,9.086985592946078
0,Other,8.164271047227926,0,3,1.0,0,0,9.666666666666666,2.367123614131617
0,Other,2.5763175906913074,0,4,0.0,0,0,4104.0,8.31996102188653
0,Retail,9.1854893908282,0,4,0.75,0,0,9413.2,9.14997446668974
0,Software,3.2197125256673513,0,2,0.5,0,0,46.0,3.8501476017100584
0,Consumer Products,4.388774811772758,0,1,1.0,0,0,451.0,6.113682179832232
0,Financial Services,4.999315537303217,0,4,0.0,0,0,9577.8,9.167307602158763
1,Software,2.507871321013005,0,1,0.0,0,0,3099.0,8.039157390473237
0,Education/Training,8.906228610540726,0,2,0.0,0,0,16638.0,9.719504616415508
0,Retail,1.3963039014373717,0,4,0.5,0,0,271.5,5.607638614103299
0,Education/Training,8.082135523613964,0,3,0.0,0,0,533.5,6.2813317304651
0,Retail,7.455167693360712,0,1,1.0,0,1,11.0,2.4849066497880004
0,Other,3.3675564681724848,0,1,0.0,0,0,16.0,2.833213344056216
0,Software,3.3073237508555784,0,1,0.0,0,0,163.0,5.099866427824199
0,Software,4.249144421629021,0,3,0.0,0,0,1568.0,7.358193752733032
0,Software,4.958247775496235,0,3,0.3333333333333333,0,0,11983.0,9.391327705757
0,Agribusiness,8.180698151950718,1,1,0.0,0,0,6.0,1.9459101490553132
1,Other,9.582477754962355,1,1,0.0,0,0,4.0,1.6094379124341003
0,Software,4.818617385352498,0,4,0.0,0,0,11751.5,9.371821262898285
0,Other,3.29637234770705,0,2,0.5,0,0,6487.333333333333,8.777760971376447
0,Logistics & Distribution,3.597535934291581,1,1,1.0,0,0,4.5,1.7047480922384253
1,Internet,9.752224503764545,0,2,0.0,0,0,1644.0,7.405495663199472
0,Financial Services,4.131416837782341,0,3,0.0,0,0,1037.6666666666667,6.945693118322529
0,Other,6.97056810403833,0,1,0.0,0,0,163.0,5.099866427824199
0,Other,3.9397672826830936,0,1,0.0,0,0,17.0,2.8903717578961645
0,Other,1.1252566735112937,0,3,0.0,0,0,2232.0,7.711101251840158
0,Healthcare,1.568788501026694,0,1,0.0,0,0,4.0,1.6094379124341003
0,Retail,3.4743326488706368,0,2,0.5,1,0,13569.75,9.515672020277323
1,Education/Training,8.147843942505133,0,2,0.5,0,0,12661.42857142857,9.446394507587707
0,Other,6.882956878850103,0,1,0.0,0,0,10.0,2.3978952727983707
0,Healthcare,5.587953456536619,0,1,0.0,0,0,10.0,2.3978952727983707
0,Software,9.330595482546201,0,1,0.0,0,1,103.0,4.6443908991413725
0,Internet,8.766598220396988,0,2,0.0,0,0,6511.0,8.781401907682376
0,Software,3.6878850102669403,0,3,0.5,0,0,15623.0,9.656563472556515
0,Food,2.316221765913758,0,1,0.0,0,0,3099.0,8.039157390473237
0,Software,7.676933607118412,0,1,0.0,0,0,12.0,2.5649493574615367
0,Financial Services,4.9664613278576315,0,3,0.5,0,0,15639.333333333334,9.65760832674516
0,Software,4.804928131416838,0,4,0.0,0,0,853.5,6.750516502555645
0,Software,1.9849418206707734,0,5,0.2,0,0,25.6,3.2809112157876537
0,Other,4.440793976728268,0,1,0.0,0,0,12.0,2.5649493574615367
0,Software,3.3045859000684463,0,2,1.0,0,0,4795.666666666667,8.475676511213305
0,Internet,7.734428473648186,0,2,0.0,0,0,14.5,2.740840023925201
0,Healthcare,4.7939767282683095,0,6,0.0,0,1,904.1428571428572,6.808092784438949
0,Pharmaceuticals,7.238877481177276,1,1,1.0,0,1,32.0,3.4965075614664802
0,Healthcare IT,0.3258042436687201,0,2,0.0,0,0,23399.0,10.060491301345794
0,Food,3.8357289527720737,0,3,0.0,0,0,4103.6,8.319863574995008
0,Retail,3.540041067761807,0,6,0.5,0,0,401.8333333333333,5.998522911475428
0,Pharmaceuticals,3.2361396303901437,0,1,0.0,0,0,10.0,2.3978952727983707
0,Other,7.898699520876113,0,4,0.0,0,0,830.4,6.723111026818537
0,Software,8.752908966461328,0,2,0.0,0,0,3.0,1.3862943611198906
0,Other,3.433264887063655,0,5,0.8,0,1,7613.428571428572,8.937800222648702
0,Internet,3.7481177275838466,0,3,1.0,0,0,945.3333333333334,6.852594867804862
0,Other,9.754962354551678,1,1,1.0,0,0,7.0,2.0794415416798357
0,Financial Services,7.912388774811773,0,2,0.0,0,0,16642.0,9.719744986586726
0,Other,3.457905544147844,0,1,1.0,0,0,12.0,2.5649493574615367
0,Financial Services,4.7939767282683095,0,6,0.8333333333333334,0,0,3200.5714285714284,8.071397039680274
0,Consumer Products,8.555783709787816,1,1,1.0,0,0,109.0,4.700480365792417
0,Retail,5.240246406570842,0,1,1.0,0,0,493.0,6.202535517187923
0,Software,3.5017111567419574,0,5,0.4,0,0,7614.0,8.937875265329263
0,Other,2.6967830253251197,0,1,1.0,0,0,13.0,2.6390573296152584
0,Other,7.255304585900069,0,2,1.0,0,1,2267.5,7.726874099104019
0,Food,3.4223134839151266,0,1,0.0,0,0,10.0,2.3978952727983707
0,Software,9.869952087611225,0,3,0.6666666666666666,0,0,1141.6666666666667,7.041119991049561
1,Other,2.3874058863791925,0,1,0.0,0,0,3099.0,8.039157390473237
0,Retail,1.3880903490759753,0,4,0.25,0,0,3904.4,8.270115489806397
0,Other,9.522245037645447,0,1,1.0,0,0,1288.0,7.161622002939187
0,Food,7.756331279945243,0,2,0.0,0,1,1554.5,7.349552316337692
0,Food,1.1991786447638604,1,3,0.0,0,1,11.666666666666666,2.538973871058276
0,Food,5.278576317590692,0,1,0.0,0,0,115.0,4.7535901911063645
0,Other,5.018480492813142,0,4,0.0,0,1,4157.25,8.332849591670644
0,Internet,5.163586584531143,0,8,0.125,0,0,58.75,4.09016919081162
0,Other,9.675564681724847,0,2,0.5,0,0,5.5,1.8718021769015913
0,Healthcare,8.574948665297741,1,3,0.6666666666666666,0,0,5062.090909090909,8.52973242738661
0,Software,1.352498288843258,0,1,0.0,0,0,55.0,4.02535169073515
0,Healthcare IT,3.1731690622861053,0,2,1.0,0,0,23398.0,10.06044856538989
0,Other,8.158795345653662,0,4,0.5,0,0,39.0,3.6888794541139363
0,Other,0.8952772073921971,0,1,0.0,0,0,10.0,2.3978952727983707
0,Other,9.900068446269678,0,1,0.0,0,0,4.0,1.6094379124341003
0,Financial Services,7.405886379192334,0,2,0.0,0,0,8867.666666666666,9.09027974457574
0,Software,3.143052703627652,0,1,0.0,0,0,8.0,2.1972245773362196
1,Agribusiness,0.3394934976043806,0,1,0.0,0,0,3099.0,8.039157390473237
0,Other,1.4702258726899384,0,1,0.0,0,0,14.0,2.70805020110221
1,Software,1.9767282683093772,0,2,0.5,0,0,5083.5,8.533951975231192
0,Other,3.592060232717317,0,1,1.0,0,0,12.0,2.5649493574615367
0,Internet,5.971252566735113,0,1,0.0,0,0,248.0,5.517452896464707
0,Internet,5.568788501026694,0,2,0.0,0,0,23479.0,10.063904273942033
0,Software,6.93223819301848,0,2,0.0,0,0,23409.0,10.060918560484957
0,Software,8.739219712525667,1,1,1.0,0,0,14.0,2.70805020110221
0,Software,2.7871321013004793,0,3,0.0,0,0,15611.333333333334,9.65581647917002
0,Consumer Products,3.7700205338809036,0,1,0.0,0,0,24.0,3.2188758248682006
1,Internet,5.968514715947981,0,1,1.0,0,0,1.0,0.6931471805599453
0,Agribusiness,2.414784394250513,0,1,0.0,1,0,12.0,2.5649493574615367
0,Internet,9.212867898699521,0,1,1.0,0,0,1.0,0.6931471805599453
0,Software,6.921286789869952,0,1,1.0,0,0,345.0,5.846438775057725
0,Financial Services,2.16290212183436,0,1,0.0,0,0,14.0,2.70805020110221
0,Software,3.0882956878850103,0,4,0.5,0,0,1230.2,7.11574458252467
0,Food,8.528405201916495,0,2,0.5,0,0,5.5,1.8718021769015913
0,Internet,9.557837097878165,0,2,1.0,0,0,238.5,5.4785534168509695
0,Financial Services,2.8254620123203287,0,2,0.0,0,0,6618.0,8.797699580118923
0,Software,5.522245037645448,0,1,0.0,0,0,47.0,3.871201010907891
0,Education/Training,9.752224503764545,0,1,1.0,0,0,4.0,1.6094379124341003
0,Education/Training,5.683778234086242,0,1,1.0,0,0,11.0,2.4849066497880004
0,Software,6.050650239561944,0,4,0.3333333333333333,0,0,12072.5,9.398768247201899
0,Food,4.939082819986311,0,5,0.4,0,0,735.6666666666666,6.602135505843688
0,Business Support Services,2.6036960985626285,0,2,0.5,0,0,553.0,6.317164686747284
0,Logistics & Distribution,8.542094455852157,0,3,0.3333333333333333,0,0,564.5,6.3377102955561755
0,Food,0.14510609171800137,1,1,0.0,0,0,5.0,1.791759469228055
0,Food,0.35592060232717315,0,1,0.0,0,0,8.0,2.1972245773362196
1,Software,9.073237508555783,0,3,0.0,0,0,1042.6666666666667,6.950495432658296
0,Consumer Products,1.757700205338809,0,1,0.0,0,0,99.0,4.605170185988092
0,Other,9.675564681724847,0,1,1.0,0,0,47.0,3.871201010907891
0,Food,3.909650924024641,0,1,0.0,0,0,12.0,2.5649493574615367
0,Consumer Products,9.560574948665298,0,1,0.0,0,0,5.0,1.791759469228055
0,Other,6.206707734428473,1,1,0.0,0,0,9.0,2.302585092994046
0,Food,3.7754962354551678,0,1,1.0,0,0,70.0,4.2626798770413155
0,Software,5.23750855578371,0,2,0.0,0,0,656.5,6.48844476405192
0,Food,5.059548254620124,0,1,1.0,0,0,15.0,2.772588722239781
0,Software,4.05201916495551,0,4,0.25,0,0,3859.6,8.258577890793775
0,Software,9.086926762491444,0,2,1.0,0,0,50.0,3.9318256327243257
0,Education/Training,5.04312114989733,0,1,1.0,0,0,16.0,2.833213344056216
1,Software,9.78507871321013,0,1,1.0,0,0,6.0,1.9459101490553132
0,Software,7.898699520876113,0,2,0.5,0,0,31.5,3.481240089335692
0,Other,9.130732375085557,1,2,0.5,0,1,100.5,4.620058798481842
0,Food,4.908966461327857,1,1,1.0,0,0,60.0,4.110873864173311
0,Financial Services,3.2361396303901437,0,1,0.0,0,0,1871.0,7.534762657037537
0,Financial Services,1.5331964407939767,0,2,1.0,0,1,32.5,3.5115454388310208
0,Other,7.67419575633128,0,1,1.0,0,1,9.0,2.302585092994046
0,Healthcare,7.742642026009582,0,1,1.0,0,0,11.0,2.4849066497880004
0,Healthcare,9.902806297056811,0,1,0.0,0,0,5.0,1.791759469228055
0,Other,8.813141683778234,1,1,1.0,0,1,261.0,5.568344503761097
0,Consumer Products,2.8145106091718,0,2,1.0,0,0,2490.6666666666665,7.820707109590778
0,Internet,5.555099247091033,0,3,0.0,0,0,5461.666666666667,8.605692349998652
0,Medical Devices & Equipment,8.728268309377139,1,1,1.0,0,1,3.0,1.3862943611198906
0,Healthcare IT,9.6290212183436,0,2,0.0,0,1,96.5,4.579852378003801
0,Logistics & Distribution,8.123203285420944,0,2,0.0,0,0,810.0,6.698268054115413
0,Software,0.6516084873374401,0,2,0.0,0,0,1554.0,7.349230824613334
0,Other,6.9897330595482545,0,4,0.75,0,0,735.25,6.601569734965796
0,Food,3.9863107460643397,0,2,0.5,0,0,15424.75,9.643793469957847
1,Healthcare,4.887063655030801,0,1,1.0,0,0,3058.3333333333335,8.02595230628667
0,Healthcare,5.574264202600959,1,1,0.0,0,0,17.0,2.8903717578961645
0,"Automobiles, Other Vehicles & Parts",6.138261464750171,1,1,0.0,0,0,6.0,1.9459101490553132
0,Financial Services,8.290212183436003,1,3,0.6666666666666666,0,1,70.0,4.2626798770413155
0,"Automobiles, Other Vehicles & Parts",1.9876796714579055,1,1,1.0,0,0,4.0,1.6094379124341003
0,Food,8.095824777549623,1,1,0.0,0,0,10.0,2.3978952727983707
0,Software,6.351813826146475,1,1,1.0,0,0,73.0,4.30406509320417
0,Internet,3.2114989733059547,0,2,1.0,0,0,9264.0,9.13399913871946
1,Software,4.142368240930869,0,1,0.0,0,0,5.0,1.791759469228055
0,Consumer Products,8.199863107460644,0,3,0.0,0,0,1079.5,6.985179175946941
0,Internet,8.14236824093087,0,3,0.0,0,0,399.3333333333333,5.9922975334118735
0,Software,1.7741273100616017,0,4,0.25,0,0,799.1666666666666,6.684820039302886
0,Business Support Services,0.7994524298425736,0,1,1.0,0,0,8.0,2.1972245773362196
0,Consumer Products,8.0,1,1,0.0,0,0,8.0,2.1972245773362196
0,Other,9.232032854209445,1,1,1.0,0,0,53.0,3.9889840465642745
0,Education/Training,4.922655715263518,0,3,0.3333333333333333,0,0,1052.3333333333333,6.959715017912848
0,Other,2.2751540041067764,0,2,0.0,0,0,24.0,3.2188758248682006
0,Retail,9.946611909650924,0,2,0.5,0,1,1555.0,7.349873704738337
0,Other,6.1300479123887746,0,3,0.3333333333333333,0,0,5285.666666666667,8.57294320652073
0,Internet,9.86173853524983,0,2,0.0,0,1,90.0,4.51085950651685
0,Other,9.83709787816564,0,1,1.0,0,0,230.0,5.442417710521793
0,Other,0.2245037645448323,0,3,0.3333333333333333,0,0,2074.8333333333335,7.638117958468226
0,Logistics & Distribution,9.043121149897331,0,1,1.0,0,1,5.0,1.791759469228055
1,Other,2.127310061601643,0,1,0.0,0,0,3099.0,8.039157390473237
0,Financial Services,7.2032854209445585,0,6,0.1666666666666666,0,0,566.3333333333334,6.34094702046521
0,Other,2.830937713894593,0,2,0.0,0,0,738.3333333333334,6.605748879242203
0,Consumer Products,8.071184120465434,0,2,0.0,0,0,23427.0,10.061687167209673
0,Software,0.5256673511293635,0,2,0.5,0,0,5832.0,8.671286726753637
0,Other,3.3894592744695413,0,5,0.2,0,0,2041.3,7.6218319027231125
0,Internet,5.61533196440794,0,2,0.0,0,0,1379.0,7.22983877815125
0,Software,7.748117727583847,0,2,1.0,0,0,539.5,6.292494637079263
0,Internet,2.3956194387405887,0,1,1.0,0,0,130.0,4.875197323201151
0,Software,1.7248459958932238,0,3,0.3333333333333333,0,0,1311.3333333333333,7.1795620022756275
1,Financial Services,6.965092402464066,1,3,0.6666666666666666,0,1,134.33333333333334,4.907740870933623
0,Food,8.506502395619439,0,2,0.0,0,0,14.5,2.740840023925201
0,Software,2.2559890485968515,0,3,0.0,0,0,12.333333333333334,2.5902671654458267
0,Other,1.2320328542094456,0,1,0.0,0,0,14.0,2.70805020110221
0,Healthcare IT,2.409308692676249,0,4,0.25,0,0,3939.5,8.279062897793704
0,Other,9.262149212867898,0,1,0.0,0,0,9.0,2.302585092994046
0,Internet,3.5071868583162216,0,3,0.6666666666666666,0,0,13222.8,9.489773515369553
0,Other,2.2340862422997945,0,1,0.0,0,0,70.0,4.2626798770413155
0,Agribusiness,3.887748117727584,0,2,0.0,0,0,118.66666666666669,4.7847100998201695
0,Other,6.959616700889802,0,6,1.0,0,0,52.833333333333336,3.9858928539946015
0,Software,4.676249144421629,0,4,0.5,0,0,406.5,6.010040932680917
0,Food,9.949349760438055,0,1,0.0,0,0,3.0,1.3862943611198906
0,Healthcare,7.277207392197125,0,2,0.5,0,0,1561.5,7.354042381610556
0,Other,2.1683778234086244,0,2,0.0,0,0,8182.5,9.009875210945939
0,Consumer Products,9.182751540041068,1,1,0.0,0,0,75.0,4.330733340286331
0,Software,3.9260780287474333,0,3,0.6666666666666666,0,0,4278.0,8.361474616416817
0,Financial Services,3.238877481177276,0,4,0.5,0,0,3814.0,8.246695943718557
0,Software,4.4106776180698155,0,1,0.0,0,0,99.0,4.605170185988092
0,Financial Services,0.4407939767282683,0,1,1.0,0,0,17.0,2.8903717578961645
1,Software,7.723477070499658,0,1,0.0,0,0,3099.0,8.039157390473237
0,Financial Services,5.30321697467488,1,2,0.5,0,0,265.5,5.585374243605899
1,Other,7.594798083504449,0,1,1.0,0,1,10.0,2.3978952727983707
0,Other,8.02737850787132,0,3,0.3333333333333333,1,0,26.0,3.295836866004329
1,Pharmaceuticals,7.800136892539356,1,1,1.0,0,1,313.0,5.749392985908253
0,Other,8.098562628336756,0,2,0.5,0,0,4266.857142857143,8.358867140178498
1,Financial Services,8.030116358658454,0,1,1.0,0,0,54.5,4.0163830207523885
0,Other,6.381930184804928,0,3,0.6666666666666666,0,0,488.6666666666667,6.193724887505768
0,Software,3.36208076659822,0,2,0.5,0,0,1572.5,7.361057716504462
0,Healthcare,9.670088980150581,0,1,1.0,0,0,6.0,1.9459101490553132
0,Financial Services,9.062286105407255,1,1,1.0,0,0,379.0,5.940171252720432
0,Financial Services,9.467488021902806,0,1,1.0,0,0,379.0,5.940171252720432
0,Financial Services,9.653661875427789,1,2,1.0,0,0,23400.5,10.060555401855414
0,Healthcare IT,7.750855578370979,0,2,0.5,0,0,658.6666666666666,6.491734656934456
0,Internet,9.486652977412732,0,2,0.5,0,0,16639.333333333332,9.719584746225843
0,Consumer Products,3.564681724845996,0,1,0.0,0,0,5.0,1.791759469228055
0,Consumer Products,6.299794661190965,0,2,0.5,0,0,11089.5,9.313844164990844
0,Education/Training,9.754962354551678,0,2,0.5,0,0,13565.75,9.515377225249853
0,Software,2.6830937713894594,0,2,0.0,0,0,23435.5,10.062049915135852
0,Other,4.999315537303217,0,1,1.0,0,0,15815.0,9.668777364850452
0,Other,3.8247775496235454,0,1,1.0,0,0,124.0,4.8283137373023015
0,Financial Services,8.670773442847365,0,2,1.0,0,0,786.5,6.668863370699788
0,Education/Training,8.0,0,1,0.0,0,1,10.0,2.3978952727983707
0,"Automobiles, Other Vehicles & Parts",2.9623545516769334,1,1,1.0,0,0,324.0,5.783825182329737
1,Other,7.578370978781656,0,1,1.0,0,1,11.0,2.4849066497880004
0,Internet,9.883641341546886,0,2,0.5,0,0,101.0,4.624972813284271
0,Consumer Products,7.542778918548939,1,2,0.0,0,0,688.0,6.535241271013659
0,Education/Training,6.261464750171116,0,2,1.0,0,0,4502.5,8.412610151223797
0,Internet,5.02943189596167,0,3,0.0,0,0,1066.3333333333333,6.97291860488855
1,Other,9.623545516769337,0,1,0.0,0,0,17.0,2.8903717578961645
1,Healthcare,2.735112936344969,0,2,1.0,0,1,55.0,4.02535169073515
0,Other,1.6372347707049966,0,1,0.0,0,0,397.0,5.986452005284438
0,Financial Services,8.355920602327172,0,2,0.0,0,1,1553.5,7.348909229498808
0,Internet,9.878165639972622,0,1,1.0,0,0,74.0,4.31748811353631
0,Other,0.4407939767282683,0,2,0.0,0,1,2259.5,7.7233413067346595
0,Healthcare IT,3.909650924024641,1,2,1.0,0,1,20.0,3.044522437723423
0,Healthcare,0.14784394250513347,0,1,0.0,0,0,8.0,2.1972245773362196
0,Other,9.637234770704996,0,1,1.0,0,0,15815.0,9.668777364850452
0,Financial Services,9.593429158110883,0,3,1.0,0,0,506.0,6.2285110035911835
1,Pharmaceuticals,7.14031485284052,0,1,1.0,0,0,5.0,1.791759469228055
0,Other,6.584531143052704,0,1,1.0,0,0,324.0,5.783825182329737
0,Internet,8.813141683778234,1,4,1.0,1,1,27.25,3.34109345759245
0,Software,9.535934291581109,0,2,0.0,0,1,665.6,6.502190165873639
0,Financial Services,8.292950034223136,0,1,1.0,0,0,11.0,2.4849066497880004
0,Food,7.838466803559206,0,3,0.3333333333333333,0,0,4174.0,8.336869637284956
0,Logistics & Distribution,0.8569472963723477,0,1,0.0,0,0,2.0,1.0986122886681098
0,Financial Services,9.256673511293634,0,3,0.3333333333333333,0,0,366.0,5.905361848054571
0,Other,0.621492128678987,0,1,0.0,0,0,5.0,1.791759469228055
0,Healthcare,5.711156741957564,1,1,1.0,0,1,313.0,5.749392985908253
0,Other,8.24640657084189,0,2,0.0,0,0,8182.5,9.009875210945939
0,Other,5.522245037645448,0,1,0.0,0,0,9.0,2.302585092994046
0,Software,4.251882272416153,0,3,0.0,0,0,37.666666666666664,3.654977902438255
0,Software,3.0198494182067077,0,1,0.0,0,0,210.0,5.351858133476067
0,Software,8.815879534565367,0,1,1.0,0,0,85.0,4.454347296253507
0,Financial Services,8.580424366872005,0,3,0.6666666666666666,0,0,398.0,5.988961416889864
0,Other,2.351813826146475,0,2,0.0,0,0,1081.5,6.987028459876645
0,Financial Services,9.56331279945243,0,2,1.0,1,0,672.5,6.512487995850418
0,Financial Services,2.425735797399042,0,2,0.0,0,0,4801.0,8.4767877767812
0,Healthcare IT,7.340177960301164,0,3,0.0,0,0,9791.4,9.189361853590984
1,Agribusiness,3.3127994524298425,0,2,0.0,0,0,1607.0,7.382746449738912
0,Agribusiness,9.77138945927447,0,1,0.0,0,0,28.0,3.367295829986474
1,Other,7.143052703627652,0,3,1.0,0,0,4936.25,8.504563775016095
0,Medical Devices & Equipment,4.210814510609172,0,2,0.0,0,0,1555.5,7.350194989881663
0,Other,9.267624914442163,0,2,1.0,0,0,16125.0,9.688188155244967
0,Healthcare IT,7.581108829568788,0,2,0.0,0,0,1551.5,7.347621813807634
0,Financial Services,9.4072553045859,0,2,0.0,0,0,2148.6666666666665,7.673068070342268
0,Internet,8.837782340862423,0,4,0.5,0,0,823.0,6.714170529909472
1,Education/Training,1.2895277207392197,0,1,1.0,0,0,16121.0,9.687940077843546
0,Food,8.76933607118412,1,1,1.0,0,0,12.0,2.5649493574615367
0,Food,9.49760438056126,0,1,0.0,0,0,9.0,2.302585092994046
0,Financial Services,9.544147843942506,0,2,0.0,1,0,8188.5,9.010608124922435
0,Other,6.606433949349761,0,1,0.0,0,1,4.0,1.6094379124341003
0,Software,3.4442162902121836,0,3,0.0,0,0,1084.3333333333333,6.989642438454321
0,Consumer Products,2.759753593429158,0,4,0.0,0,0,919.2,6.824591037721368
0,Other,0.8459958932238193,0,3,0.3333333333333333,0,1,1862.2,7.5300507185701315
0,Other,1.7221081451060918,0,5,0.2,0,0,7988.333333333333,8.985862597648836
0,Software,3.2553045859000687,0,2,0.0,0,0,524.5,6.264350190317006
0,Software,1.6372347707049966,0,6,0.2,0,0,2785.0,7.932362154339751
0,Other,0.08487337440109514,0,1,0.0,0,1,8.0,2.1972245773362196
0,Software,5.366187542778919,0,1,0.0,0,0,248.0,5.517452896464707
0,Software,8.292950034223136,0,1,0.0,0,0,14.0,2.70805020110221
0,Pharmaceuticals,7.761806981519507,1,1,1.0,0,0,456.0,6.124683390894205
0,Pharmaceuticals,6.3901437371663246,0,1,0.0,0,1,35.0,3.58351893845611
1,Other,9.289527720739219,0,1,1.0,0,0,509.0,6.234410725718371
0,Other,2.6694045174537986,0,3,0.0,0,0,1110.0,7.01301578963963
0,Software,4.098562628336755,0,2,0.0,0,0,15980.333333333334,9.679176653469911
0,Healthcare IT,7.9370294318959616,0,2,0.0,0,0,1555.5,7.350194989881663
0,Software,8.139630390143736,0,2,0.5,0,0,101.5,4.629862798578463
0,Software,1.0130047912388775,0,2,0.0,0,0,2327.25,7.752872191401767
0,Software,4.216290212183436,0,6,0.1666666666666666,0,0,2490.4285714285716,7.8206115484076575
0,Food,5.166324435318275,0,1,1.0,0,0,7.0,2.0794415416798357
0,Software,3.5044490075290895,0,2,0.5,0,0,6450.0,8.771990436532242
0,Other,8.369609856262834,0,3,0.0,0,0,31.666666666666668,3.4863551900024623
0,Software,5.9958932238193015,0,2,0.0,0,0,827.0,6.71901315438526
0,Education/Training,8.654346338124572,0,1,1.0,0,0,80.0,4.394449154672439
0,Financial Services,5.66735112936345,0,3,0.3333333333333333,0,0,934.4,6.840974245291786
0,Education/Training,3.5811088295687883,0,7,0.7142857142857143,0,0,3897.1,8.268244533920075
0,Pharmaceuticals,4.3668720054757015,1,1,1.0,0,1,161.0,5.087596335232384
0,Software,4.947296372347707,0,2,0.0,0,0,10.0,2.3978952727983707
0,Other,2.7186858316221767,0,2,0.0,0,1,30.0,3.4339872044851463
0,Financial Services,2.6365503080082138,0,1,0.0,0,0,9341.285714285714,9.14230622443999
1,Other,8.933607118412047,0,1,0.0,0,0,28.0,3.367295829986474
0,Healthcare IT,4.8350444900752905,0,4,1.0,0,0,13192.4,9.48747198353278
0,Other,7.641341546885695,0,6,0.2,0,0,7866.0,8.970432074329242
1,Pharmaceuticals,6.247775496235455,1,1,1.0,0,0,456.0,6.124683390894205
0,Financial Services,3.0663928815879533,0,2,1.0,0,0,6443.666666666667,8.77100819435644
1,Education/Training,8.049281314168377,0,3,0.6666666666666666,0,0,4071.0,8.311889558230359
0,Software,9.45927446954141,0,1,0.0,0,0,8.0,2.1972245773362196
0,Software,3.2197125256673513,0,2,0.0,0,0,2067.0,7.63433723562832
0,Internet,3.6358658453114305,0,2,0.5,0,0,3789.8333333333335,8.24034115077605
0,Other,7.906913073237509,0,1,1.0,0,0,15.0,2.772588722239781
0,Other,5.494866529774128,0,1,0.0,0,0,9.0,2.302585092994046
0,Software,7.750855578370979,0,2,0.0,0,0,8195.0,9.011401509358791
0,Other,6.3901437371663246,0,1,1.0,0,0,4.0,1.6094379124341003
0,Other,0.8952772073921971,0,2,0.0,0,0,10795.142857142857,9.286944206464469
1,Healthcare,1.3004791238877482,0,1,1.0,0,0,469.0,6.152732694704104
0,Logistics & Distribution,4.906228610540725,1,1,1.0,0,0,467.0,6.148468295917647
1,Pharmaceuticals,4.4955509924709105,1,1,1.0,0,1,21.0,3.091042453358316
0,Other,5.574264202600959,0,2,0.0,0,0,23401.0,10.060576767778903
0,Agribusiness,8.752908966461328,0,1,1.0,0,0,7.0,2.0794415416798357
0,Other,9.152635181382614,1,1,1.0,0,0,7.0,2.0794415416798357
0,Financial Services,9.582477754962355,0,1,1.0,0,0,223.0,5.4116460518550396
0,Other,1.83709787816564,0,2,0.0,0,0,5869.0,8.677609912822142
0,Other,9.42094455852156,1,1,1.0,0,1,2.0,1.0986122886681098
0,Other,0.9527720739219713,0,2,0.5,0,0,2325.6666666666665,7.752191907088308
0,Software,1.0841889117043122,0,1,0.0,0,0,18.0,2.9444389791664403
1,Software,3.652292950034223,0,1,0.0,0,0,69.0,4.248495242049359
0,Other,4.692676249144422,0,10,1.0,0,1,545.8,6.304083104849794
0,Food,9.234770704996578,0,2,0.0,0,0,1607.0,7.382746449738912
0,Other,0.7091033538672142,1,1,0.0,0,0,15.0,2.772588722239781
0,Other,4.3641341546885695,0,5,0.6,0,0,3839.2,8.253279727558816
0,Internet,3.564681724845996,0,2,0.5,0,0,5392.4,8.592931262807408
0,Internet,5.1800136892539355,0,2,0.0,0,0,1673.5,7.423269892234259
1,Internet,9.188227241615332,0,2,0.5,0,0,13423.8,9.504859021686952
0,Software,1.1937029431895962,0,2,0.0,0,0,1551.0,7.347299700743164
0,Other,7.493497604380561,0,2,0.5,0,0,16508.75,9.711706394461551
0,Other,2.7953456536618755,0,1,1.0,0,0,2.0,1.0986122886681098
0,Other,3.4250513347022586,0,2,1.0,0,0,39.0,3.6888794541139363
0,Internet,1.51129363449692,0,5,0.4,0,0,1334.75,7.197248210837881
0,Consumer Products,5.2648870636550305,0,1,0.0,0,0,1.0,0.6931471805599453
1,Internet,1.1772758384668036,0,1,0.0,0,0,4993.142857142857,8.51602107618606
0,Internet,9.043121149897331,0,1,1.0,0,0,170.0,5.14166355650266
0,Other,1.0130047912388775,1,2,0.5,0,0,512.0,6.240275845170769
1,Other,3.5811088295687883,0,2,1.0,0,1,32.0,3.4965075614664802
0,Other,2.8008213552361396,1,1,0.0,0,1,9.0,2.302585092994046
0,Consumer Products,2.833675564681725,0,1,0.0,0,0,31.0,3.4657359027997265
0,Internet,8.985626283367557,0,2,0.0,0,0,9.0,2.302585092994046
1,Other,0.3203285420944558,0,1,1.0,0,1,25.0,3.258096538021482
0,Other,8.309377138945928,0,4,0.25,0,0,811.5,6.700115914203892
0,Logistics & Distribution,4.520191649555099,0,1,0.0,0,0,8.0,2.1972245773362196
0,Education/Training,4.744695414099931,0,2,0.5,0,0,145.5,4.987025428457122
0,Education/Training,9.702943189596168,0,1,0.0,0,0,397.0,5.986452005284438
1,Other,9.347022587268993,0,2,0.0,0,0,16647.0,9.720045368073471
0,Software,7.605749486652978,0,1,0.0,0,0,21.0,3.091042453358316
0,Financial Services,5.919233401779603,0,3,0.3333333333333333,0,1,10608.4,9.269495679584866
0,Education/Training,3.5455167693360714,0,4,0.75,0,1,1566.1666666666667,7.357024597049022
0,Internet,3.4989733059548254,0,3,0.6666666666666666,0,0,11543.333333333334,9.353949975065706
0,Software,5.593429158110883,0,1,0.0,0,0,12.0,2.5649493574615367
0,Financial Services,7.12662559890486,0,2,0.5,0,0,13.5,2.6741486494265287
0,Consumer Products,7.742642026009582,1,1,1.0,0,0,324.0,5.783825182329737
0,Education/Training,7.780971937029432,1,1,0.0,0,0,4.0,1.6094379124341003
0,Other,4.342231348391513,0,2,0.5,0,0,20.5,3.068052935133617
0,Consumer Products,0.8733744010951403,0,4,0.0,0,0,6378.642857142857,8.760867396267725
1,Medical Devices & Equipment,3.1704312114989732,0,1,0.0,0,0,15.0,2.772588722239781
0,Internet,5.045859000684462,0,2,0.5,0,0,2657.75,7.885611366514447
0,Software,8.235455167693361,1,2,0.0,0,0,16.0,2.833213344056216
0,Other,2.4476386036960984,0,1,1.0,0,0,5797.333333333333,8.665325798917932
0,Software,3.564681724845996,0,1,0.0,0,0,210.0,5.351858133476067
0,Other,4.418891170431212,0,3,0.0,0,0,391.3333333333333,5.972111818592167
0,Software,6.7734428473648185,0,2,0.0,0,0,1813.0,7.503289630675082
0,Software,2.1437371663244353,0,1,1.0,0,0,60.0,4.110873864173311
0,Internet,8.032854209445585,0,1,1.0,0,0,156.0,5.056245805348308
0,Financial Services,9.582477754962355,0,7,0.1428571428571428,0,0,370.77777777777777,5.91829630421055
0,Other,0.5941136208076659,1,1,0.0,0,0,3.0,1.3862943611198906
0,Financial Services,7.408624229979466,1,1,1.0,0,0,379.0,5.940171252720432
0,Financial Services,5.248459958932238,0,3,0.6666666666666666,0,0,1298.3333333333333,7.169606591399396
0,Other,7.811088295687885,0,1,0.0,0,0,1.0,0.6931471805599453
0,Education/Training,4.632443531827516,0,2,0.0,0,0,1458.0,7.285506548522785
0,Software,4.41615331964408,0,2,0.0,0,0,23401.5,10.0605981332459
0,Healthcare,9.32785763175907,0,3,0.0,0,1,154.66666666666666,5.0477169690007875
0,Education/Training,7.3319644079397674,0,4,0.75,0,0,3812.2,8.246224010619423
0,Education/Training,2.9075975359342916,0,2,0.5,0,0,6981.833333333333,8.851210035073494
0,Other,9.52498288843258,0,1,1.0,0,0,921.0,6.826545223556594
0,Retail,5.552361396303901,0,1,0.0,0,0,13.0,2.6390573296152584
0,Other,0.03559206023271732,0,4,0.5,0,0,3885.2,8.265187095416927
0,Agribusiness,1.6153319644079398,0,2,0.5,0,0,12233.75,9.412035542484523
0,Food,6.436687200547571,0,2,0.5,0,0,1829.5,7.512344432560291
1,Healthcare,8.752908966461328,0,1,0.0,0,0,3099.0,8.039157390473237
0,Education/Training,3.6167008898015056,0,3,0.6666666666666666,0,1,48.666666666666664,3.905334017277349
0,Software,1.2950034223134839,0,4,0.25,0,0,1947.75,7.574943420371986
1,Internet,9.650924024640657,0,1,0.0,0,0,20.0,3.044522437723423
0,Agribusiness,4.224503764544832,0,2,0.0,0,0,25.0,3.258096538021482
0,Financial Services,4.1971252566735116,0,5,0.8,0,1,2689.8888888888887,7.897626859978092
0,Software,4.774811772758385,0,1,0.0,0,0,70.0,4.2626798770413155
0,Other,7.665982203969883,0,1,0.0,0,0,163.0,5.099866427824199
0,Education/Training,8.501026694045175,0,3,0.3333333333333333,0,0,1496.6,7.311619105723327
0,Internet,5.084188911704312,0,1,0.0,0,0,99.0,4.605170185988092
0,Software,6.921286789869952,0,1,0.0,0,0,115.0,4.7535901911063645
0,Business Support Services,9.248459958932239,0,4,0.5,0,0,268.0,5.594711379601839
0,Financial Services,3.813826146475017,0,4,1.0,0,0,12249.0,9.413281215972873
0,Financial Services,8.183436002737851,1,1,0.0,0,0,5.0,1.791759469228055
0,Education/Training,3.5811088295687883,0,2,0.0,0,0,12768.25,9.454795215900106
0,Software,7.0335386721423685,0,1,1.0,0,0,9.0,2.302585092994046
1,Financial Services,9.963039014373717,1,2,1.0,0,0,341.0,5.834810737062605
0,Pharmaceuticals,9.754962354551678,0,1,0.0,0,0,1027.0,6.93537044601511
0,Consumer Products,3.274469541409993,0,1,1.0,0,0,27.0,3.332204510175204
0,Software,7.956194387405886,0,4,0.25,0,0,697.1428571428571,6.548423748214842
0,Software,1.8535249828884326,0,14,0.9285714285714286,0,1,4013.133333333333,8.297576745878185
1,Financial Services,2.0479123887748116,0,1,0.0,0,0,3099.0,8.039157390473237
0,Agribusiness,7.277207392197125,0,1,0.0,0,0,13.0,2.6390573296152584
0,Agribusiness,8.361396303901437,0,3,0.3333333333333333,0,0,350.6666666666667,5.862683757242057
0,Internet,5.210130047912389,0,5,0.4,0,1,640.6,6.463965056552305
0,Healthcare,7.756331279945243,0,1,0.0,0,1,2.0,1.0986122886681098
0,Other,1.2238193018480492,0,1,0.0,0,0,52.0,3.970291913552122
0,Financial Services,2.836413415468857,0,1,1.0,0,0,60.0,4.110873864173311
0,Software,8.522929500342231,0,2,1.0,0,0,23416.0,10.061217533302013
1,Consumer Products,9.32785763175907,1,1,0.0,0,0,6.0,1.9459101490553132
0,Education/Training,9.79876796714579,0,3,0.3333333333333333,0,0,4885.75,8.494282739833132
0,Software,4.939082819986311,0,3,0.6666666666666666,0,0,3991.0,8.292047637431354
0,Financial Services,9.27583846680356,1,1,1.0,0,0,467.0,6.148468295917647
0,Consumer Products,8.36413415468857,1,1,1.0,0,0,14.0,2.70805020110221
0,Pharmaceuticals,9.552361396303901,0,1,1.0,0,0,1288.0,7.161622002939187
0,Consumer Products,7.603011635865846,0,1,0.0,0,0,6.0,1.9459101490553132
0,Education/Training,9.401779603011637,0,1,0.0,0,0,9.0,2.302585092994046
0,Food,0.3394934976043806,0,2,0.0,0,1,2258.5,7.722898828851334
0,Other,9.442847364818617,0,3,0.6666666666666666,0,0,13232.4,9.490499215777858
0,Medical Devices & Equipment,3.025325119780972,0,3,0.0,0,0,24.0,3.2188758248682006
0,Software,4.5366187542778915,0,1,0.0,0,0,163.0,5.099866427824199
0,Pharmaceuticals,8.071184120465434,0,1,1.0,0,0,324.0,5.783825182329737
0,Software,9.66735112936345,0,4,0.25,0,0,287.75,5.665561261836003
0,Pharmaceuticals,2.187542778918549,0,1,1.0,0,0,46.0,3.8501476017100584
0,Food,5.648186173853525,0,3,0.3333333333333333,0,0,9.666666666666666,2.367123614131617
0,Consumer Products,0.5420944558521561,0,2,0.0,0,0,1833.0,7.51425465281641
1,Education/Training,2.223134839151266,0,1,0.0,0,0,2.0,1.0986122886681098
0,Software,2.817248459958932,0,2,0.0,0,0,21058.0,9.955083301179778
0,Logistics & Distribution,8.6652977412731,0,2,0.5,0,0,1045.2,6.95291983093651
0,Software,3.2306639288158796,0,6,0.1666666666666666,0,0,914.5714285714286,6.819548382448914
0,Education/Training,3.36208076659822,0,2,0.5,0,0,6500.0,8.77971129020447
0,Education/Training,6.1273100616016425,0,2,1.0,0,0,8182.0,9.009814110527381
0,Financial Services,3.619438740588638,0,3,0.0,0,0,4524.2,8.417417054052311
0,Software,8.919917864476385,0,3,0.0,0,0,423.3333333333333,6.050519309889297
0,Other,2.6776180698151952,0,2,0.5,0,1,10962.4,9.30231773137215
0,Software,5.0951403148528405,0,2,1.0,0,0,8.0,2.1972245773362196
0,Internet,8.260095824777549,0,2,0.0,0,0,1552.0,7.347943823148687
0,Consumer Products,4.41615331964408,0,3,0.6666666666666666,0,0,2004.7142857142856,7.603755528524489
0,Internet,6.135523613963039,0,1,0.0,1,0,8.0,2.1972245773362196
0,Internet,5.71937029431896,0,2,0.0,0,0,15974.0,9.678780279245736
0,Business Support Services,1.626283367556468,0,3,0.0,1,0,14.333333333333334,2.7300291078209855
0,Software,0.4490075290896646,0,2,0.0,0,0,115.0,4.7535901911063645
0,Other,5.801505817932923,0,3,0.0,0,0,4410.25,8.39191337498948
0,Healthcare IT,0.6023271731690623,0,2,1.0,0,0,23402.5,10.060640862810493
0,Software,7.356605065023956,0,2,0.0,0,0,23401.0,10.060576767778903
0,Financial Services,3.4469541409993156,0,3,1.0,0,0,65.0,4.189654742026425
0,Software,0.70362765229295,0,3,0.3333333333333333,0,0,9243.833333333334,9.131820115895968
0,Education/Training,5.319644079397673,0,1,1.0,0,1,21.0,3.091042453358316
0,Other,4.134154688569473,0,2,0.0,0,0,22.0,3.1354942159291497
0,Software,3.8548939082819986,0,2,0.0,0,0,56.5,4.051784947803305
0,Education/Training,9.535934291581109,0,1,0.0,0,0,6.0,1.9459101490553132
0,Pharmaceuticals,3.8357289527720737,0,1,0.0,1,0,9.0,2.302585092994046
0,Financial Services,2.9130732375085557,0,2,1.0,0,0,6094.714285714285,8.715341227126732
0,Software,0.783025325119781,0,2,1.0,0,0,7343.8,8.90174785882949
0,Education/Training,8.279260780287474,0,1,1.0,0,0,10.0,2.3978952727983707
0,Internet,8.980150581793293,0,2,0.0,0,0,1565.0,7.356279876550748
0,"Automobiles, Other Vehicles & Parts",9.711156741957563,0,2,0.5,0,0,16097.0,9.686450319653678
0,Other,5.188227241615332,0,2,0.0,0,0,1551.5,7.347621813807634
0,Education/Training,4.484599589322382,0,4,0.5,0,0,579.5,6.3638898011379466
1,Financial Services,7.41409993155373,0,1,1.0,0,0,75.0,4.330733340286331
0,Retail,3.5208761122518824,0,1,0.0,0,0,2433.6666666666665,7.797565133606694
0,Consumer Products,0.3586584531143053,0,3,0.5,0,0,15615.333333333334,9.656072654053474
0,Internet,8.02464065708419,0,3,1.0,0,0,351.6666666666667,5.865523323750135
0,Software,7.819301848049282,0,1,0.0,0,0,32.0,3.4965075614664802
0,Financial Services,7.972621492128679,0,2,1.0,0,1,8064.5,8.995350984917842
0,Financial Services,8.336755646817249,0,1,0.0,0,0,3099.0,8.039157390473237
0,Financial Services,8.851471594798083,0,1,1.0,0,0,7.0,2.0794415416798357
0,Software,3.6386036960985626,0,1,0.0,0,0,3.0,1.3862943611198906
0,Consumer Products,5.0102669404517455,0,5,0.0,0,0,7174.0,8.878358040627822
0,Other,8.44079397672827,0,1,0.0,0,0,1027.0,6.93537044601511
0,Education/Training,9.514031485284052,0,3,0.0,0,0,394.6666666666667,5.980572105941558
0,Business Support Services,9.248459958932239,0,2,0.5,0,0,818.0,6.70808408385307
0,Software,3.893223819301848,0,2,0.0,0,0,86.0,4.465908118654584
0,Internet,5.347022587268994,0,1,0.0,0,0,15.0,2.772588722239781
0,Other,6.335386721423682,0,2,0.0,0,0,15970.333333333334,9.678550727600825
1,Other,1.9548254620123204,0,1,1.0,0,0,4.0,1.6094379124341003
0,Other,2.3655030800821355,0,4,0.0,0,0,819.25,6.709609171841211
0,Internet,5.201916495550993,0,2,0.0,1,0,37.5,3.6506582412937387
0,Other,9.538672142368242,0,1,0.0,0,0,3099.0,8.039157390473237
0,Other,4.802190280629706,0,1,1.0,0,0,11.0,2.4849066497880004
0,Software,5.650924024640657,0,4,0.0,0,0,11723.75,9.369457271125544
0,Software,0.5147159479808351,0,2,0.5,0,0,11031.166666666666,9.308570526924889
0,Consumer Products,0.6981519507186859,0,4,0.5,0,0,3749.857142857142,8.22973966427456
1,Other,1.8590006844626967,0,1,1.0,0,0,270.0,5.602118820879701
0,Other,3.3894592744695413,0,1,0.0,0,1,55.0,4.02535169073515
0,Software,8.164271047227926,0,2,0.0,0,0,1552.0,7.347943823148687
0,Other,1.8863791923340179,0,2,0.0,0,1,2260.0,7.72356247227797
0,Other,3.7946611909650922,0,3,0.3333333333333333,0,1,1126.0,7.027314514039777
1,"Automobiles, Other Vehicles & Parts",2.4832306639288158,0,1,1.0,0,0,456.0,6.124683390894205
1,Logistics & Distribution,7.167693360711842,0,1,0.0,0,1,9.0,2.302585092994046
1,Software,1.215605749486653,0,1,1.0,0,0,205.0,5.327876168789581
0,Other,9.160848733744011,0,4,0.75,0,0,838.25,6.732508635860144
1,"Automobiles, Other Vehicles & Parts",8.347707049965777,1,1,0.0,0,1,8.0,2.1972245773362196
0,Pharmaceuticals,0.6625598904859685,1,2,0.5,0,1,8.0,2.1972245773362196
0,Food,9.637234770704996,0,1,0.0,0,0,32.0,3.4965075614664802
0,Medical Devices & Equipment,3.9260780287474333,0,1,0.0,0,0,1.0,0.6931471805599453
0,Internet,9.683778234086242,0,2,0.5,0,0,462.0,6.137727054086234
0,Financial Services,9.292265571526352,1,1,0.0,0,0,12.0,2.5649493574615367
0,Other,4.914442162902122,0,6,0.5,0,1,2067.8,7.634724008017593
0,Software,3.2553045859000687,0,2,0.0,0,0,13.0,2.6390573296152584
0,Other,9.94113620807666,0,2,0.5,0,0,682.5,6.527226656164005
0,Healthcare,9.960301163586584,1,1,0.0,0,1,35.0,3.58351893845611
0,Other,9.790554414784394,1,1,0.0,0,1,9.0,2.302585092994046
0,Pharmaceuticals,9.593429158110883,1,1,1.0,0,0,19.0,2.995732273553991
0,Software,2.507871321013005,0,4,0.0,0,0,327.25,5.793775513182905
0,Software,9.533196440793978,0,4,0.5,0,0,12634.6,9.444273505833715
0,Business Support Services,7.7782340862423,0,2,0.5,0,1,62.0,4.143134726391533
0,Software,5.631759069130732,0,2,0.5,0,0,8064.0,8.99528899055931
0,Financial Services,7.753593429158111,1,1,0.0,0,0,13.0,2.6390573296152584
0,Food,3.9260780287474333,0,2,0.0,0,0,1563.5,7.355321563108937
0,Software,3.0198494182067077,0,3,0.3333333333333333,0,0,348.0,5.855071922202427
0,Software,6.286105407255304,0,3,0.3333333333333333,0,0,1064.4,6.971105594482899
0,"Automobiles, Other Vehicles & Parts",3.0855578370978782,0,2,0.0,0,0,5798.666666666667,8.665555723618606
0,Other,0.7419575633127995,0,4,0.25,0,0,3291.5,8.099402433617437
0,Internet,8.449007529089664,0,1,1.0,0,0,5.0,1.791759469228055
1,Healthcare,6.28062970568104,0,2,1.0,0,0,9.0,2.302585092994046
0,Healthcare,7.200547570157426,1,1,1.0,0,0,562.0,6.333279628139691
0,Consumer Products,4.114989733059549,0,2,0.0,0,0,1552.5,7.348265728833102
0,Retail,5.790554414784395,0,2,1.0,0,0,182.0,5.209486152841421
0,Software,1.7221081451060918,0,1,0.0,0,0,3099.0,8.039157390473237
0,Software,9.023956194387406,0,2,0.0,0,0,646.0,6.472346294500901
0,Other,9.442847364818617,0,2,1.0,0,0,5889.0,8.681011276645632
0,Education/Training,9.500342231348391,0,3,0.0,0,0,4132.8,8.326952359777735
0,Other,6.505133470225872,0,2,1.0,0,1,22.0,3.1354942159291497
0,Healthcare,3.134839151266256,0,1,1.0,0,0,456.0,6.124683390894205
0,Pharmaceuticals,3.1047227926078027,0,3,0.6666666666666666,0,1,8125.0,9.002824076547672
0,Healthcare,5.760438056125941,0,2,0.5,0,0,45.0,3.828641396489095
0,Retail,6.995208761122519,0,1,1.0,0,0,955.0,6.862757913051401
0,Medical Devices & Equipment,3.679671457905544,0,6,0.5,0,0,249.16666666666663,5.522127362405406
0,Software,0.5037645448323066,0,1,0.0,0,0,210.0,5.351858133476067
0,Medical Devices & Equipment,3.080082135523614,0,2,0.0,0,0,23399.5,10.060512668638879
1,Healthcare IT,6.754277891854894,0,2,0.0,0,0,519.0,6.253828811575473
0,Healthcare,1.8699520876112252,0,2,0.0,0,0,1827.75,7.511387952334334
0,Healthcare IT,4.438056125941136,0,1,1.0,0,0,38.0,3.6635616461296463
0,Healthcare,9.596167008898014,0,2,0.5,0,0,135.5,4.916324614625014
0,Healthcare,2.299794661190965,0,2,0.5,0,0,3650.1666666666665,8.202802030207444
0,Internet,8.960985626283367,0,1,1.0,0,0,2662.0,7.887208585813932
0,Software,6.034223134839151,0,3,0.5,0,0,5512.333333333333,8.614924679909572
0,Business Support Services,2.7159479808350446,0,3,0.3333333333333333,0,0,89.33333333333333,4.503506532211591
0,Software,3.997262149212868,0,1,1.0,0,0,962.0,6.870053411798126
0,Software,8.114989733059549,0,4,0.0,0,0,850.5,6.746999500102743
0,Consumer Products,2.6338124572210813,0,1,0.0,0,0,3099.0,8.039157390473237
0,Consumer Products,6.4750171115674195,0,1,0.0,0,0,61.0,4.127134385045092
0,Other,9.793292265571527,0,1,0.0,0,1,35.0,3.58351893845611
0,Other,4.27378507871321,0,1,0.0,0,0,163.0,5.099866427824199
0,Financial Services,1.9548254620123204,0,1,0.0,0,0,248.0,5.517452896464707
0,Other,8.528405201916495,0,2,0.0,0,0,1550.5,7.346977483888435
0,Other,2.954140999315537,0,1,0.0,0,0,17664.333333333332,9.779359429319904
0,Software,0.5913757700205339,0,1,0.0,0,0,210.0,5.351858133476067
0,Software,7.340177960301164,0,4,0.25,0,0,558.5,6.32704352775198
0,Healthcare,9.724845995893224,1,1,1.0,0,1,10.0,2.3978952727983707
1,Internet,6.05886379192334,0,1,0.0,0,0,2.0,1.0986122886681098
0,Food,6.581793292265571,0,2,0.0,0,0,23400.5,10.060555401855414
0,Other,3.1211498973305956,0,1,1.0,0,0,9.0,2.302585092994046
0,Other,3.676933607118412,0,2,0.5,0,1,41.0,3.7376696182833684
0,Other,4.0657084188911705,1,1,1.0,0,1,11.0,2.4849066497880004
0,Food,4.908966461327857,0,2,0.0,0,0,1557.5,7.351479099207392
1,Software,6.321697467488022,1,1,0.0,0,1,7.0,2.0794415416798357
0,Food,7.904175222450377,0,2,0.0,0,0,18.0,2.9444389791664403
0,Consumer Products,0.23819301848049282,0,1,0.0,0,0,5.0,1.791759469228055
0,Software,8.895277207392198,0,1,1.0,0,0,70.0,4.2626798770413155
0,Software,1.9739904175222451,0,1,0.0,0,0,3099.0,8.039157390473237
0,Internet,1.434633812457221,0,1,0.0,0,0,99.0,4.605170185988092
0,Financial Services,9.25119780971937,0,2,0.0,0,0,200.0,5.303304908059076
0,Financial Services,7.252566735112937,0,2,0.5,0,1,4.0,1.6094379124341003
0,Financial Services,4.657084188911704,0,1,0.0,0,0,23.0,3.1780538303479458
0,"Automobiles, Other Vehicles & Parts",2.5544147843942504,0,3,0.0,0,0,5506.0,8.613775289262481
0,Internet,7.148528405201916,0,2,0.5,0,0,415.5,6.031886461606898
0,Internet,4.522929500342231,0,3,0.3333333333333333,0,0,77.33333333333333,4.360973225476049
0,Software,8.61327857631759,0,4,0.25,0,0,263.75,5.578785984481516
0,Other,4.117727583846681,0,4,0.25,0,0,846.0,6.741700694652055
0,Healthcare IT,2.297056810403833,0,1,0.0,0,0,210.0,5.351858133476067
1,Healthcare,8.019164955509925,0,3,1.0,0,0,39.0,3.6888794541139363
1,Food,9.311430527036277,1,1,1.0,0,0,30.0,3.4339872044851463
0,Logistics & Distribution,3.8795345653661877,0,3,0.3333333333333333,0,1,8503.666666666666,9.048370311430126
0,Software,3.67419575633128,0,1,0.0,0,0,15.0,2.772588722239781
0,Financial Services,2.5023956194387407,0,6,0.8333333333333334,0,1,3378.0,8.12533508671429
0,Retail,4.813141683778234,0,5,0.6,0,0,377.2,5.935423156224357
0,Medical Devices & Equipment,4.654346338124572,0,1,0.0,0,0,9.0,2.302585092994046
0,Software,9.842573579739904,0,3,0.3333333333333333,0,0,54.0,4.007333185232471
0,Consumer Products,1.0321697467488022,0,1,0.0,0,0,7.0,2.0794415416798357
0,Healthcare IT,5.8288843258042435,0,5,0.4,0,0,2922.8571428571427,7.980658962924136
0,Software,2.951403148528405,0,2,0.5,0,0,5823.0,8.669742589876522
0,Software,0.216290212183436,0,3,0.0,0,0,35.0,3.58351893845611
0,Software,9.787816563997263,0,2,0.5,0,0,546.5,6.305362461690656
0,Agribusiness,4.158795345653662,0,2,1.0,0,0,17.5,2.917770732084279
1,Food,4.950034223134839,0,1,0.0,0,0,3099.0,8.039157390473237
0,Other,0.5256673511293635,0,6,0.0,0,0,33.166666666666664,3.531250509910353
0,Other,5.297741273100616,0,1,1.0,0,0,230.0,5.442417710521793
0,Software,1.949349760438056,0,1,1.0,0,0,46.0,3.8501476017100584
0,"Automobiles, Other Vehicles & Parts",2.198494182067077,0,2,0.5,0,0,1551.0,7.347299700743164
0,Consumer Products,9.735797399041752,0,3,1.0,0,0,63.333333333333336,4.164077900236776
0,Other,9.464750171115675,0,3,1.0,1,0,123.0,4.820281565605037
0,Software,9.314168377823409,0,2,0.0,0,0,1644.0,7.405495663199472
0,Other,8.739219712525667,1,1,1.0,0,0,509.0,6.234410725718371
0,Software,2.1190965092402463,0,4,0.0,0,0,313.25,5.750188847470357
0,Financial Services,9.598904859685147,0,3,0.6666666666666666,0,0,5305.666666666667,8.576719170730264
0,Software,9.130732375085557,0,2,0.5,0,0,1030.0,6.93828448401696
0,Other,9.51129363449692,0,1,0.0,0,0,7.0,2.0794415416798357
0,Education/Training,7.315537303216975,0,2,0.5,0,0,6916.4,8.841795255466963
0,Other,4.804928131416838,0,1,0.0,0,0,1.0,0.6931471805599453
0,Pharmaceuticals,4.539356605065024,0,1,1.0,0,1,6.0,1.9459101490553132
0,Other,0.15605749486652978,0,1,1.0,0,0,70.0,4.2626798770413155
0,Financial Services,5.084188911704312,1,1,1.0,0,0,3.0,1.3862943611198906
0,Financial Services,7.9342915811088295,0,1,1.0,0,0,14.0,2.70805020110221
0,Internet,9.22381930184805,0,2,0.5,0,0,1125.0,7.026426808699636
0,Internet,4.769336071184121,0,2,0.0,0,0,516.5,6.249009525139524
0,Software,5.604380561259411,0,2,0.0,0,0,23402.5,10.060640862810493
0,Consumer Products,2.9048596851471595,0,4,0.25,0,0,3917.2,8.273387643653932
0,Financial Services,5.932922655715264,0,2,0.5,0,0,11.5,2.5257286443082556
0,Other,6.1492128678987,0,1,0.0,0,0,2.0,1.0986122886681098
0,Food,2.428473648186174,0,1,0.0,0,0,11.0,2.4849066497880004
0,Financial Services,1.319644079397673,0,1,1.0,0,0,689.0,6.536691597591305
0,Consumer Products,9.522245037645447,0,2,1.0,0,0,544.5,6.301702805273125
0,Software,1.3333333333333333,0,1,0.0,0,0,18.0,2.9444389791664403
0,Consumer Products,6.7268993839835725,1,1,0.0,0,0,9.0,2.302585092994046
0,Retail,9.815195071868583,0,1,1.0,0,0,47.0,3.871201010907891
0,Pharmaceuticals,5.270362765229295,0,1,0.0,0,0,32.0,3.4965075614664802
0,Other,1.1745379876796715,0,1,0.0,0,0,43.0,3.784189633918261
0,Software,4.3668720054757015,0,1,0.0,0,0,16.0,2.833213344056216
0,Financial Services,3.2854209445585214,1,2,1.0,0,0,23403.5,10.060683590549347
0,Other,9.169062286105408,0,3,0.0,0,0,397.0,5.986452005284438
0,Other,0.5886379192334018,0,3,0.0,0,0,2086.3333333333335,7.643642613218241
1,Other,9.752224503764545,0,1,0.0,0,0,70.0,4.2626798770413155
1,Food,2.0150581793292264,0,1,0.0,0,0,3099.0,8.039157390473237
1,Healthcare,9.02943189596167,0,1,1.0,0,0,223.0,5.4116460518550396
0,Consumer Products,0.5612594113620808,0,2,0.5,0,0,11220.4,9.325577948476262
0,Food,3.1731690622861053,0,2,0.0,0,0,524.5,6.264350190317006
0,Financial Services,9.193702943189596,1,1,1.0,0,1,313.0,5.749392985908253
0,Healthcare,7.731690622861054,0,1,1.0,0,0,560.0,6.329720905522696
0,Agribusiness,6.324435318275154,1,1,0.0,0,0,2.0,1.0986122886681098
0,Food,6.7734428473648185,0,2,0.0,0,0,514.5,6.245137303457015
0,Consumer Products,5.248459958932238,0,2,0.5,0,0,2109.3333333333335,7.654601191876017
0,Other,1.9274469541409993,0,2,0.0,0,0,137.5,4.930870325627393
0,Financial Services,2.921286789869952,0,3,0.0,0,0,24.0,3.2188758248682006
0,Financial Services,2.529774127310062,0,4,0.0,0,0,3523.8,8.167578976048079
0,Education/Training,3.488021902806297,0,1,0.0,0,0,47.0,3.871201010907891
0,Software,0.7173169062286106,0,1,0.0,0,0,25.0,3.258096538021482
0,Healthcare IT,7.529089664613279,0,3,0.0,0,1,15634.0,9.65726726989194
0,Software,2.3956194387405887,0,1,0.0,0,0,32.0,3.4965075614664802
0,"Automobiles, Other Vehicles & Parts",1.08145106091718,0,2,0.5,0,0,8255.6,9.018768159499292
0,Medical Devices & Equipment,9.77138945927447,0,3,0.0,0,0,525.75,6.266726052684298
0,Software,5.798767967145791,0,6,0.2,0,0,7885.0,8.972844314437573
0,Software,7.082819986310746,0,1,0.0,0,0,17.0,2.8903717578961645
0,Logistics & Distribution,2.891170431211499,1,2,1.0,0,1,2355.0,7.764720544771477
0,Financial Services,6.494182067077344,0,2,0.0,0,0,1580.0,7.365812837209472
0,Consumer Products,4.8815879534565365,0,2,0.5,0,1,16168.333333333334,9.690871723108573
0,Education/Training,8.621492128678987,0,1,1.0,0,0,1033.0,6.9411900550683745
0,Software,7.748117727583847,0,2,0.0,0,0,23402.0,10.060619498256424
0,Internet,6.198494182067077,0,2,0.5,0,0,35.5,3.597312260588446
0,Software,4.350444900752909,0,2,0.0,0,0,2091.6666666666665,7.646194448733789
0,Financial Services,9.752224503764545,0,1,0.0,0,0,28.0,3.367295829986474
0,Healthcare,8.503764544832306,0,1,1.0,0,0,560.0,6.329720905522696
0,Other,9.273100616016427,0,1,0.0,0,0,91.0,4.5217885770490405
0,Other,7.972621492128679,0,2,0.0,0,0,23416.0,10.061217533302013
0,Other,9.708418891170432,0,1,0.0,0,0,16.0,2.833213344056216
0,Internet,9.853524982888432,0,2,0.0,0,0,1553.0,7.348587530927593
0,Other,7.3319644079397674,0,3,0.6666666666666666,0,0,385.3333333333333,5.956700554671642
0,Internet,9.66735112936345,0,2,0.5,0,0,1525.3333333333333,7.330623623988986
0,Other,1.700205338809035,0,1,0.0,0,0,25.0,3.258096538021482
0,Medical Devices & Equipment,3.9315537303216974,0,2,0.0,0,0,23435.5,10.062049915135852
0,Software,2.6639288158795345,0,2,0.5,0,0,3851.0,8.256347772918016
0,Other,1.4702258726899384,0,2,0.5,0,0,11129.5,9.317444366890383
0,Medical Devices & Equipment,8.232717316906228,0,3,0.0,0,0,399.6666666666667,5.993129826427043
0,Software,3.811088295687885,0,1,0.0,0,0,16.0,2.833213344056216
1,Other,7.41409993155373,0,2,0.5,0,0,4226.333333333333,8.349326655591867
0,Financial Services,4.558521560574949,0,5,0.4,0,0,8342.833333333334,9.029278022048391
0,Software,6.959616700889802,1,2,0.0,0,1,7.0,2.0794415416798357
0,Other,6.9897330595482545,0,2,0.0,0,0,23398.5,10.060469933596137
0,Other,2.5626283367556466,0,5,0.25,0,0,10541.833333333334,9.263201603174783
0,Software,3.8603696098562628,0,2,0.0,0,0,8244.0,9.0173622349937
0,Medical Devices & Equipment,0.14784394250513347,0,4,0.0,1,0,301.5,5.7120812774708964
0,Software,7.994524298425736,0,2,1.0,0,0,5343.0,8.583729715216482
0,Software,0.7638603696098563,0,3,0.6666666666666666,0,0,78.0,4.3694478524670215
0,Consumer Products,1.675564681724846,0,1,0.0,0,0,210.0,5.351858133476067
0,Other,9.886379192334017,0,1,0.0,0,0,44.0,3.8066624897703196
0,Software,5.0513347022587265,0,1,0.0,0,0,23.0,3.1780538303479458
0,Other,0.5119780971937029,0,1,1.0,0,0,16121.0,9.687940077843546
0,Medical Devices & Equipment,7.753593429158111,0,5,0.2,0,0,832.6,6.725753670999103
0,Other,9.166324435318275,0,1,0.0,0,1,5.0,1.791759469228055
0,Financial Services,1.5058179329226558,0,1,0.0,0,0,14.0,2.70805020110221
0,Financial Services,0.2792607802874743,0,2,1.0,0,0,190.5,5.2548878086207
0,Consumer Products,9.845311430527037,1,1,1.0,0,1,5.0,1.791759469228055
0,Internet,9.853524982888432,0,2,0.5,0,0,116.5,4.7664383335842135
0,Software,1.9000684462696784,0,1,0.0,0,0,10.0,2.3978952727983707
0,Medical Devices & Equipment,5.4428473648186175,0,3,0.0,0,0,1087.8,6.992831451337256
0,Software,3.9890485968514717,0,2,0.0,0,0,8188.5,9.010608124922435
1,Education/Training,3.728952772073922,0,2,0.5,0,0,7324.2,8.899075737266793
0,Retail,8.413415468856947,0,1,0.0,0,0,69.0,4.248495242049359
0,Financial Services,9.382614647501711,0,1,1.0,0,0,17.0,2.8903717578961645
0,Other,4.060232717316906,0,1,0.0,0,0,23.0,3.1780538303479458
0,Healthcare IT,7.512662559890486,0,2,0.0,0,0,1576.0,7.3632795869630385
0,Other,1.5633127994524298,1,1,1.0,0,0,467.0,6.148468295917647
0,Internet,9.911019849418206,0,4,0.25,0,0,135.75,4.91815444130209
1,Financial Services,1.68104038329911,0,1,1.0,0,0,1850.5,7.523751400353667
0,Software,8.941820670773442,0,2,0.0,0,1,552.0,6.315358001522335
0,Logistics & Distribution,8.618754277891854,0,2,0.5,0,1,331.5,5.806639860095909
0,Food,3.077344284736482,0,3,0.3333333333333333,0,0,553.75,6.318517561812703
0,Other,9.612594113620808,0,2,0.0,0,0,6496.0,8.77909581088053
0,Other,9.984941820670773,0,1,1.0,0,0,16.0,2.833213344056216
1,Education/Training,2.102669404517454,0,1,1.0,0,0,2253.75,7.720794381045818
1,Other,5.01574264202601,0,3,0.6666666666666666,0,0,29.333333333333332,3.41224721784874
0,Food,0.459958932238193,0,1,0.0,0,0,6.0,1.9459101490553132
0,Food,0.42984257357973993,0,2,0.0,0,0,522.0,6.259581464064923
0,Agribusiness,2.8254620123203287,0,1,0.0,0,0,7.0,2.0794415416798357
0,Food,6.072553045859,0,1,0.0,0,0,163.0,5.099866427824199
0,Retail,6.108145106091718,0,3,0.0,0,0,3771.0,8.235360643753348
0,Software,9.848049281314168,0,1,0.0,0,0,397.0,5.986452005284438
0,Business Support Services,4.498288843258043,0,1,1.0,0,1,14.0,2.70805020110221
0,Consumer Products,9.330595482546201,0,1,0.0,0,1,3.0,1.3862943611198906
0,Other,2.3655030800821355,0,3,0.5,0,0,15794.75,9.667496195489703
0,Internet,6.4722792607802875,0,3,0.3333333333333333,0,0,1064.0,6.970730078143525
0,Retail,1.839835728952772,0,1,0.0,0,0,18.0,2.9444389791664403
0,Software,2.7926078028747434,0,5,0.0,0,0,3369.8,8.122905383898198
0,Software,5.193702943189596,0,3,0.3333333333333333,0,0,24.666666666666668,3.245193133185574
0,Internet,9.56331279945243,0,1,1.0,0,0,1288.0,7.161622002939187
0,Software,5.705681040383299,0,2,0.0,0,0,23.5,3.1986731175506815
0,Financial Services,9.262149212867898,0,2,0.5,0,0,2484.714285714286,7.8183153361473074
0,Other,2.8747433264887063,0,2,0.5,0,0,19.0,2.995732273553991
0,Financial Services,1.6646132785763177,0,1,1.0,0,0,46.0,3.8501476017100584
0,Other,2.080766598220397,0,3,0.0,0,0,4358.5,8.38011265086787
0,"Automobiles, Other Vehicles & Parts",5.845311430527036,0,3,0.3333333333333333,0,0,12154.75,9.405557587849552
0,Financial Services,4.596851471594798,0,3,0.6666666666666666,0,0,724.0,6.586171654854675
0,Education/Training,9.136208076659821,0,3,0.3333333333333333,0,0,14.666666666666666,2.751535313041949
1,Retail,9.388090349075975,0,3,0.6666666666666666,0,0,197.66666666666663,5.29162837839724
0,Other,0.9582477754962354,1,1,1.0,0,1,42.0,3.7612001156935624
0,Other,7.994524298425736,0,1,1.0,0,0,30.0,3.4339872044851463
0,Other,4.476386036960986,0,1,0.0,0,0,19.0,2.995732273553991
0,Software,2.940451745379877,0,2,0.0,0,0,6486.333333333333,8.777606836713824
0,Consumer Products,5.084188911704312,0,1,0.0,0,0,3099.0,8.039157390473237
0,Other,7.315537303216975,0,1,0.0,0,0,397.0,5.986452005284438
0,Financial Services,9.886379192334017,0,4,1.0,0,0,605.25,6.407292442251693
0,Internet,5.686516084873374,0,4,0.5,0,0,222.25,5.408292219756609
0,Financial Services,8.580424366872005,0,1,0.0,0,0,248.0,5.517452896464707
0,Software,2.7405886379192332,0,3,0.3333333333333333,0,0,9824.6,9.192746503575135
0,Other,9.587953456536619,0,3,0.5,0,0,16005.0,9.680718930926991
0,Medical Devices & Equipment,6.33264887063655,0,2,0.0,0,0,12732.0,9.451952327573435
0,Other,0.10951403148528405,0,5,0.25,0,0,9380.6,9.146505603146855
0,Other,4.832306639288158,0,3,0.0,0,0,1109.0,7.01211529430638
0,Food,5.117043121149897,0,1,0.0,1,0,8.0,2.1972245773362196
0,Software,3.1211498973305956,0,7,1.0,0,0,11050.04,9.31027982016417
0,Pharmaceuticals,0.10677618069815195,1,1,1.0,0,1,3.0,1.3862943611198906
0,Software,3.917864476386037,0,3,0.0,0,0,4347.75,8.377643726466152
0,Software,4.783025325119781,0,4,0.75,0,1,4102.25,8.319534621612044
0,Other,3.2197125256673513,0,3,1.0,0,0,3399.4,8.131648350743204
0,Software,2.614647501711157,0,1,0.0,0,0,11.0,2.4849066497880004
0,Financial Services,6.570841889117043,0,1,1.0,0,1,3.0,1.3862943611198906
0,Software,7.315537303216975,0,2,0.0,0,0,1578.0,7.364547014255642
0,Financial Services,7.4661190965092405,0,1,1.0,0,0,3351.8,8.117551096610862
0,Education/Training,5.01574264202601,0,2,0.5,0,1,33.0,3.5263605246161616
0,Software,6.882956878850103,0,3,0.0,0,0,15640.333333333334,9.6576722619575
0,Software,5.861738535249829,0,1,0.0,0,0,9.0,2.302585092994046
0,Software,5.87542778918549,0,2,0.0,0,1,28.5,3.3843902633457743
0,Software,3.6906228610540723,0,1,0.0,0,0,210.0,5.351858133476067
0,Other,6.976043805612594,0,1,1.0,0,0,63.0,4.1588830833596715
0,Pharmaceuticals,0.5831622176591376,0,1,0.0,1,0,9.0,2.302585092994046
0,Healthcare,4.498288843258043,0,6,0.8333333333333334,0,1,770.8333333333334,6.648768637252697
0,Software,4.355920602327173,0,4,0.25,0,0,3929.6,8.276547364965886
1,Food,2.3928815879534566,0,1,0.0,0,0,3099.0,8.039157390473237
0,Other,9.503080082135524,0,3,0.5,0,0,15944.333333333334,9.676921484420589
0,Agribusiness,6.247775496235455,0,2,0.5,0,0,512.0,6.240275845170769
0,Financial Services,3.345653661875428,0,1,0.0,0,0,12469.0,9.431081038674082
0,Software,8.950034223134839,0,1,1.0,0,0,3351.8,8.117551096610862
0,Other,1.7385352498288844,0,2,0.0,0,0,530.5,6.275703197782002
0,Other,9.738535249828884,0,1,1.0,0,0,110.0,4.709530201312334
0,Agribusiness,6.379192334017796,0,1,1.0,0,0,1.0,0.6931471805599453
0,Software,2.3353867214236823,0,1,0.0,0,1,103.0,4.6443908991413725
0,Internet,3.893223819301848,0,3,0.0,0,0,15625.666666666666,9.656734135582784
0,Financial Services,2.7761806981519506,0,6,0.6666666666666666,0,0,300.8333333333333,5.709874988655359
0,Software,2.9842573579739904,0,1,0.0,0,0,44.0,3.8066624897703196
0,Other,6.844626967830253,0,1,0.0,0,1,7.0,2.0794415416798357
0,Other,3.2334017796030117,0,1,0.0,0,0,7.0,2.0794415416798357
0,Other,4.016427104722792,0,1,0.0,0,0,2.0,1.0986122886681098
0,Financial Services,9.25119780971937,0,1,1.0,0,0,2.0,1.0986122886681098
0,Software,4.271047227926078,0,3,0.0,0,0,1050.6666666666667,6.958131486307204
0,Consumer Products,1.8973305954825461,0,1,0.0,0,0,10.0,2.3978952727983707
0,Medical Devices & Equipment,7.9342915811088295,1,1,1.0,0,0,92.0,4.532599493153256
0,Healthcare,1.6947296372347707,0,1,0.0,0,0,4.0,1.6094379124341003
0,Other,8.709103353867214,0,4,0.25,0,0,1041.8,6.949664682059346
0,Internet,7.96167008898015,0,1,0.0,0,0,20.0,3.044522437723423
0,Software,2.759753593429158,0,1,0.0,0,0,99.0,4.605170185988092
0,Financial Services,8.780287474332649,0,2,0.5,0,0,20.0,3.044522437723423
0,Logistics & Distribution,9.048596851471595,1,5,0.8,0,1,34.4,3.5667118201397288
0,Food,8.657084188911705,1,1,0.0,0,0,2.0,1.0986122886681098
0,Internet,9.30321697467488,0,1,0.0,0,0,1.0,0.6931471805599453
0,Other,9.793292265571527,1,1,0.0,0,1,9.0,2.302585092994046
0,Food,0.7091033538672142,0,4,0.5,0,1,9659.8,9.17583173951252
0,Healthcare,2.614647501711157,0,1,0.0,0,0,10.0,2.3978952727983707
0,Internet,8.544832306639288,0,1,1.0,0,0,15815.0,9.668777364850452
1,Food,1.0869267624914443,0,2,0.0,0,0,2066.6666666666665,7.634176036305008
0,Financial Services,3.3347022587268995,0,1,1.0,0,0,7.0,2.0794415416798357
0,Financial Services,3.676933607118412,0,3,1.0,0,0,2196.5,7.695075629559332
0,Financial Services,6.652977412731006,0,3,0.6666666666666666,1,0,2926.0,7.9817332866918855
0,Financial Services,9.905544147843942,0,2,1.0,0,0,3853.5,8.256996575899317
0,Software,9.086926762491444,0,2,0.5,0,0,50.5,3.9415818076696905
0,Consumer Products,1.9712525667351128,0,1,1.0,0,0,17.0,2.8903717578961645
0,Software,3.247091033538672,0,1,1.0,0,0,5703.4,8.648993085862612
0,Software,2.6995208761122518,0,1,0.0,0,0,25.0,3.258096538021482
0,Other,4.851471594798084,0,3,0.3333333333333333,0,1,4879.75,8.49305417556291
0,Software,7.753593429158111,0,1,0.0,0,1,4.0,1.6094379124341003
0,Consumer Products,1.2785763175906912,0,2,1.0,0,0,8897.25,9.09360990717269
0,Other,3.02258726899384,0,3,0.0,0,0,15608.333333333334,9.655624304931454
0,Other,5.127994524298426,0,2,0.5,0,0,2073.3333333333335,7.637395095901108
0,Agribusiness,2.9869952087611225,0,2,0.0,0,0,2085.0,7.643003635560718
0,Retail,9.426420260095824,0,2,1.0,0,0,320.0,5.771441123130016
0,Other,3.162217659137577,0,1,0.0,0,0,26.0,3.295836866004329
0,Internet,3.24435318275154,0,2,0.5,0,0,16632.0,9.719143952790535
0,Other,0.8213552361396304,0,4,0.5,0,0,3497.3,8.160032415194397
0,Medical Devices & Equipment,9.973990417522245,0,1,1.0,0,0,560.0,6.329720905522696
0,Software,7.753593429158111,0,1,1.0,0,0,921.0,6.826545223556594
1,Financial Services,2.3381245722108144,0,2,0.0,0,1,5.5,1.8718021769015913
0,Education/Training,5.664613278576318,0,2,0.5,0,0,8391.75,9.03512351691216
0,Software,9.141683778234086,0,2,0.0,0,0,6.0,1.9459101490553132
0,Healthcare IT,8.83504449007529,0,2,0.5,0,0,1566.0,7.356918242356021
0,Financial Services,8.060232717316905,0,1,1.0,0,0,60.0,4.110873864173311
0,Financial Services,8.744695414099931,0,2,1.0,0,1,659.3333333333334,6.492744758030441
0,Education/Training,2.565366187542779,0,2,1.0,0,1,32.5,3.5115454388310208
0,Business Support Services,9.754962354551678,0,2,1.0,0,0,240.0,5.484796933490655
0,Agribusiness,2.510609171800137,0,1,0.0,0,0,20.0,3.044522437723423
0,Financial Services,4.361396303901437,0,2,0.0,0,0,2099.0,7.649692623711514
0,Software,8.985626283367557,0,2,0.5,0,0,37.5,3.6506582412937387
0,Software,1.2594113620807665,0,3,0.6666666666666666,0,0,4488.4,8.409474341517445
0,Internet,8.24640657084189,0,1,0.0,0,0,3099.0,8.039157390473237
1,Software,3.600273785078713,0,1,0.0,0,0,99.0,4.605170185988092
0,Financial Services,9.040383299110198,1,2,1.0,0,1,38.5,3.676300671907076
0,Education/Training,3.0992470910335386,0,2,0.0,0,0,12781.75,9.455851884752338
0,Internet,4.205338809034908,0,1,1.0,0,0,24.0,3.2188758248682006
0,Software,0.4681724845995893,0,2,0.5,0,0,8279.9,9.021706937124534
0,Consumer Products,9.42094455852156,0,2,1.0,0,1,1264.6666666666667,7.143354271563693
0,Software,9.637234770704996,0,2,0.0,0,0,16647.0,9.720045368073471
0,Other,4.054757015742642,1,1,1.0,0,0,509.0,6.234410725718371
0,Other,9.44558521560575,0,1,1.0,0,0,85.0,4.454347296253507
0,Other,6.778918548939083,0,1,0.0,0,0,25.0,3.258096538021482
0,Food,2.751540041067762,0,3,0.0,0,0,1871.6,7.535083118504788
0,Other,5.582477754962355,0,2,0.0,0,0,6493.333333333333,8.778685280777777
0,Software,1.1170431211498972,0,1,1.0,0,0,6.0,1.9459101490553132
0,Other,0.47091033538672145,0,1,1.0,0,1,10.0,2.3978952727983707
0,Other,7.780971937029432,1,1,0.0,0,1,5.0,1.791759469228055
0,Other,9.084188911704311,0,1,1.0,0,0,276.0,5.6240175061873385
0,Other,7.41409993155373,0,2,1.0,0,0,137.5,4.930870325627393
0,Software,5.212867898699521,0,3,0.6666666666666666,0,1,25.333333333333332,3.270835563798912
0,Software,2.2039698836413417,0,2,0.5,0,0,1562.5,7.354682176897896
1,Software,8.136892539356605,0,2,0.0,0,0,1594.5,7.374942445718299
0,Education/Training,3.2142368240930868,0,2,0.0,0,0,2136.0,7.667158255319148
0,Other,6.329911019849418,0,2,0.5,0,0,1614.5,7.387399785264553
0,"Automobiles, Other Vehicles & Parts",2.0506502395619437,0,2,0.0,0,0,1553.5,7.348909229498808
0,Software,4.908966461327857,0,4,0.5,0,0,823.0,6.714170529909472
0,Healthcare IT,4.974674880219028,0,3,0.3333333333333333,0,0,1100.0,7.00397413672268
0,Financial Services,2.31895961670089,0,1,1.0,0,0,3623.8333333333335,8.195563589220306
0,Software,7.783709787816564,0,2,0.0,0,0,117.0,4.770684624465665
0,"Automobiles, Other Vehicles & Parts",1.1827515400410678,0,1,0.0,0,0,2.0,1.0986122886681098
0,Financial Services,8.147843942505133,1,1,1.0,0,0,258.0,5.556828061699537
1,Other,0.4736481861738535,1,1,0.0,0,0,3099.0,8.039157390473237
1,Retail,4.569472963723477,0,1,0.0,0,0,248.0,5.517452896464707
0,Consumer Products,6.338124572210814,0,1,0.0,0,0,248.0,5.517452896464707
0,Other,8.09034907597536,0,5,0.0,0,0,7354.285714285715,8.903174478546944
0,Internet,5.990417522245037,0,2,0.5,0,0,555.5,6.3216671707156
0,Financial Services,5.073237508555784,0,1,0.0,0,0,6.0,1.9459101490553132
0,Financial Services,9.754962354551678,1,2,0.5,0,1,9.0,2.302585092994046
1,Consumer Products,7.1594798083504445,0,2,0.0,0,0,1673.5,7.423269892234259
0,Retail,3.8412046543463383,0,1,1.0,0,0,7.0,2.0794415416798357
0,Food,9.322381930184806,1,1,0.0,0,0,8.0,2.1972245773362196
0,Healthcare IT,9.415468856947296,0,2,0.0,0,0,214.5,5.372960909543803
0,Consumer Products,2.954140999315537,0,1,1.0,0,0,130.0,4.875197323201151
0,Financial Services,5.177275838466803,0,1,1.0,0,0,59.0,4.0943445622221
0,Software,6.855578370978781,0,1,0.0,0,0,14.0,2.70805020110221
0,Software,3.2580424366872007,0,2,1.0,0,0,1120.0,7.02197642307216
0,Internet,6.776180698151951,0,2,0.5,0,0,6445.0,8.771215062375383
0,Medical Devices & Equipment,1.5277207392197125,1,1,0.0,0,0,1.0,0.6931471805599453
0,Other,3.266255989048597,1,1,1.0,0,0,1.0,0.6931471805599453
0,Software,3.9069130732375084,0,1,0.0,0,0,25.0,3.258096538021482
1,Software,4.082135523613963,0,5,0.0,0,0,2988.714285714286,8.002933105201611
0,Other,9.00479123887748,0,1,1.0,0,0,1288.0,7.161622002939187
1,Business Support Services,3.3292265571526354,0,1,0.0,0,0,10.0,2.3978952727983707
0,Other,9.34154688569473,0,2,0.0,0,0,67.0,4.219507705176107
0,Other,0.8815879534565366,1,1,0.0,0,0,10.0,2.3978952727983707
0,Software,3.5811088295687883,0,2,0.0,0,0,23596.0,10.068874864289374
0,Other,2.1738535249828885,0,1,0.0,0,0,5.0,1.791759469228055
0,Consumer Products,8.462696783025326,1,1,1.0,0,1,10.0,2.3978952727983707
0,Other,3.0034223134839153,0,1,1.0,0,1,5.0,1.791759469228055
0,Other,4.240930869267625,0,1,0.0,0,0,20.0,3.044522437723423
0,Software,5.47296372347707,0,2,0.0,0,0,47.0,3.871201010907891
0,Other,5.308692676249144,1,1,1.0,0,0,100.0,4.61512051684126
0,Internet,3.1786447638603694,0,3,0.0,0,0,2717.75,7.907927494836994
0,Food,6.28062970568104,0,2,0.5,0,0,1786.4,7.4885173289472915
0,Financial Services,7.08829568788501,0,1,1.0,0,0,110.0,4.709530201312334
1,Other,3.561943874058864,0,1,1.0,0,0,6733.666666666667,8.815023594919834
0,Other,9.596167008898014,0,1,0.0,0,0,10.0,2.3978952727983707
0,Software,2.891170431211499,0,4,0.25,0,0,35.75,3.6041382256588457
0,Other,8.747433264887064,0,1,0.0,0,0,2.0,1.0986122886681098
0,Internet,8.06570841889117,0,3,0.5,0,0,23618.25,10.06981733649532
1,Other,5.456536618754278,0,1,0.0,0,0,1.0,0.6931471805599453
0,Other,3.0417522245037647,0,3,1.0,0,0,1051.6666666666667,6.959081906147477
0,Other,3.8165639972621492,0,1,0.0,0,0,12.0,2.5649493574615367
0,Financial Services,0.6050650239561944,0,5,0.4,0,0,3143.7,8.053473775077519
0,Other,3.047227926078029,0,3,0.0,0,0,1045.3333333333333,6.953047268173844
0,Financial Services,6.466803559206023,0,1,1.0,0,1,313.0,5.749392985908253
0,Healthcare IT,4.043805612594114,0,3,0.0,0,0,414.3333333333333,6.0290814106792885
0,Software,6.357289527720739,0,5,0.8,0,0,725.8,6.588651336522016
0,Consumer Products,3.0444900752908968,0,1,0.0,1,0,17.0,2.8903717578961645
0,Other,8.021902806297057,0,2,0.0,0,0,1673.5,7.423269892234259
0,Software,2.97056810403833,0,1,1.0,0,0,46.0,3.8501476017100584
0,Other,5.7412731006160165,0,1,1.0,0,1,4.0,1.6094379124341003
0,Food,3.7234770704996576,0,2,0.0,0,0,18.5,2.970414465569701
0,"Automobiles, Other Vehicles & Parts",2.7953456536618755,0,1,0.0,0,0,70.0,4.2626798770413155
0,Retail,9.752224503764545,0,1,0.0,0,0,8.0,2.1972245773362196
1,Internet,9.853524982888432,0,2,0.5,0,0,174.0,5.1647859739235145
0,Internet,3.263518138261465,0,2,0.0,0,0,15944.0,9.676900579444158
0,Retail,9.22655715263518,0,3,0.0,0,0,10188.6,9.22912287127555
0,Education/Training,3.978097193702943,0,2,0.0,0,0,16649.666666666668,9.720205534647048
0,Education/Training,2.198494182067077,0,2,0.5,0,0,556.5,6.323462503334274
0,Food,4.5366187542778915,1,1,0.0,0,0,5.0,1.791759469228055
0,Software,1.620807665982204,0,8,0.1428571428571428,0,0,2106.0,7.653020413804189
0,Other,6.286105407255304,0,2,0.0,0,0,8.0,2.1972245773362196
0,Software,9.02943189596167,0,2,0.5,0,0,1553.0,7.348587530927593
0,Healthcare IT,9.264887063655031,0,1,1.0,0,0,230.0,5.442417710521793
0,Software,3.238877481177276,0,4,0.3333333333333333,0,0,4188.0,8.340217320947035
0,Software,0.7939767282683093,0,3,0.0,0,0,7716.909090909091,8.951298763187703
1,Internet,6.587268993839836,0,1,0.0,0,0,1.0,0.6931471805599453
0,Healthcare,9.69199178644764,1,1,1.0,0,0,493.0,6.202535517187923
0,Other,0.1697467488021903,0,3,0.0,0,0,12475.25,9.431582116000795
0,Software,5.478439425051334,0,1,0.0,0,0,210.0,5.351858133476067
0,Software,3.6386036960985626,0,2,0.0,0,0,73.0,4.30406509320417
0,Internet,4.577686516084873,0,2,0.0,0,0,23412.0,10.061046702637492
0,Logistics & Distribution,5.204654346338125,0,3,0.3333333333333333,0,0,4862.25,8.489462217677927
0,Software,6.485968514715948,0,2,0.0,0,0,23405.0,10.060747678734712
0,Other,1.215605749486653,0,1,0.0,0,0,10.0,2.3978952727983707
0,Software,9.270362765229295,0,1,0.0,0,0,5.0,1.791759469228055
0,Software,5.240246406570842,0,2,0.5,0,0,443.5,6.096950054953959
0,Other,6.861054072553046,0,2,0.0,0,0,15971.333333333334,9.67861333782092
0,Healthcare IT,4.851471594798084,0,2,0.5,0,0,240.5,5.486869473092628
0,Business Support Services,8.903490759753593,0,3,1.0,1,0,372.3333333333333,5.92247167562103
0,Internet,9.960301163586584,0,1,0.0,1,0,22.0,3.1354942159291497
0,Other,5.295003422313484,0,5,0.2,0,0,584.3333333333334,6.372181485526952
0,Consumer Products,3.2279260780287475,0,1,0.0,0,0,4.0,1.6094379124341003
0,Pharmaceuticals,8.32580424366872,0,1,1.0,0,0,493.0,6.202535517187923
0,Other,5.582477754962355,0,1,0.0,0,1,7.0,2.0794415416798357
1,Healthcare,7.455167693360712,0,1,1.0,0,1,21.0,3.091042453358316
0,Software,8.580424366872005,0,1,1.0,0,0,11.0,2.4849066497880004
0,Other,0.19164955509924708,0,1,0.0,0,0,7.0,2.0794415416798357
0,Internet,5.566050650239562,0,2,0.0,0,0,16714.0,9.7240617988542
0,Consumer Products,3.3292265571526354,0,1,0.0,0,0,31.0,3.4657359027997265
0,Software,9.963039014373717,0,1,1.0,0,1,313.0,5.749392985908253
1,Financial Services,8.796714579055442,0,2,0.5,0,1,59.5,4.102643365036796
1,Other,4.960985626283367,0,1,1.0,0,1,50.0,3.9318256327243257
0,Software,9.776865160848734,0,1,1.0,0,0,2662.0,7.887208585813932
0,Financial Services,8.331279945242985,1,1,1.0,0,0,223.0,5.4116460518550396
0,Financial Services,4.804928131416838,0,2,0.0,0,0,15675.0,9.659886159319521
0,Education/Training,5.1854893908282,0,5,0.2,0,0,656.6,6.48859684374197
0,Food,9.891854893908283,0,2,0.0,0,0,200.0,5.303304908059076
0,Software,5.514031485284052,0,1,0.0,0,0,44.0,3.8066624897703196
0,Other,0.3394934976043806,0,2,0.5,0,0,525.0,6.26530121273771
0,Internet,2.759753593429158,0,2,0.0,0,0,23714.0,10.073863038311682
0,Financial Services,9.66735112936345,0,1,1.0,0,0,823.0,6.714170529909472
1,Software,4.054757015742642,0,1,1.0,0,0,16121.0,9.687940077843546
0,Financial Services,5.021218343600274,0,3,0.0,0,0,1563.25,7.3551617548784725
0,Financial Services,4.082135523613963,0,6,0.8333333333333334,0,1,255.0,5.545177444479562
0,Healthcare,7.780971937029432,1,3,0.6666666666666666,0,1,162.66666666666666,5.097831839126411
0,"Automobiles, Other Vehicles & Parts",1.0951403148528405,0,1,0.0,0,0,3099.0,8.039157390473237
0,Software,5.949349760438056,0,3,0.0,0,0,15644.0,9.657906656102982
0,Internet,9.505817932922655,0,2,0.5,0,0,62.5,4.151039905898646
0,Internet,9.78507871321013,0,3,0.3333333333333333,0,0,1290.6666666666667,7.163688653119338
0,Retail,4.306639288158795,0,2,1.0,0,0,259.0,5.560681631015528
0,Medical Devices & Equipment,9.900068446269678,1,1,1.0,0,1,4.0,1.6094379124341003
0,Internet,2.4202600958247777,0,3,0.0,0,0,5516.666666666667,8.615710344592056
0,Software,8.580424366872005,0,2,0.5,0,0,1012.0,6.920671504248683
0,Healthcare IT,6.787132101300479,0,3,0.3333333333333333,0,0,1089.0,6.993932975223189
1,Healthcare IT,2.9103353867214237,0,1,0.0,0,0,4.0,1.6094379124341003
0,Consumer Products,3.2197125256673513,0,3,0.0,0,0,80.66666666666667,4.402645921876617
0,Other,9.180013689253936,0,3,1.0,0,0,344.0,5.84354441703136
0,Other,4.539356605065024,0,1,1.0,0,0,111.0,4.718498871295094
0,Other,2.5735797399041753,0,3,0.0,0,0,39.333333333333336,3.6971782569286313
1,Business Support Services,0.33401779603011633,0,1,1.0,0,1,8.0,2.1972245773362196
0,Internet,8.752908966461328,0,1,1.0,0,0,3.0,1.3862943611198906
0,Internet,9.026694045174539,0,2,1.0,0,0,15696.333333333334,9.661246125529978
0,Software,0.019164955509924708,0,2,0.0,0,0,16.5,2.8622008809294686
1,Software,0.917180013689254,0,2,0.0,0,0,2329.25,7.7537308369412665
0,Food,6.277891854893908,0,1,0.0,0,0,163.0,5.099866427824199
0,"Automobiles, Other Vehicles & Parts",2.7159479808350446,0,3,0.0,0,0,598.5,6.396095974467569
0,Other,3.652292950034223,0,1,0.0,0,0,3099.0,8.039157390473237
1,Software,9.716632443531827,0,2,0.5,1,0,170.0,5.14166355650266
0,Financial Services,6.436687200547571,0,2,0.5,0,0,2304.25,7.742944409419251
0,Other,2.7104722792607805,0,2,0.0,0,0,581.0,6.366470447731438
0,Internet,5.223819301848049,0,3,0.0,0,0,1049.3333333333333,6.956862853089165
0,Other,4.082135523613963,0,2,0.5,0,0,2213.625,7.702838367920601
0,Software,4.172484599589322,0,1,1.0,0,0,124.0,4.8283137373023015
0,Retail,3.1978097193702943,1,1,1.0,0,0,30.0,3.4339872044851463
0,Healthcare,2.212183436002738,0,2,0.0,0,0,21.0,3.091042453358316
0,"Automobiles, Other Vehicles & Parts",3.8302532511978096,0,5,1.0,0,0,483.4,6.182911011678937
0,Logistics & Distribution,9.749486652977414,0,2,1.0,0,0,8175.5,9.009019465172445
0,Financial Services,8.54757015742642,0,1,0.0,0,0,24.0,3.2188758248682006
1,Software,9.705681040383299,1,2,0.0,0,0,21.0,3.091042453358316
0,Software,8.5201916495551,0,1,1.0,0,0,230.0,5.442417710521793
0,Other,4.906228610540725,0,1,0.0,0,0,90.0,4.51085950651685
0,Consumer Products,6.803559206023272,0,4,0.0,0,0,3492.2,8.158573500539578
0,Software,1.6290212183436004,0,1,1.0,0,0,2662.0,7.887208585813932
0,Other,8.232717316906228,0,1,1.0,0,0,223.0,5.4116460518550396
0,Other,0.3942505133470226,0,2,0.5,0,0,6.5,2.0149030205422647
0,Software,4.309377138945927,0,3,1.0,0,0,10371.75,9.246937454109869
0,Retail,3.3894592744695413,0,2,0.5,0,0,1383.0,7.232733136177615
0,Other,6.316221765913758,1,1,1.0,0,1,14.0,2.70805020110221
0,Other,3.3319644079397674,0,3,1.0,0,0,4807.75,8.478192454066505
0,Pharmaceuticals,8.183436002737851,1,1,1.0,0,1,2.0,1.0986122886681098
0,Financial Services,9.27583846680356,0,2,0.0,0,1,57.5,4.069026754237811
0,Software,6.677618069815195,0,2,0.0,0,0,5817.333333333333,8.668769130871027
0,Agribusiness,1.9849418206707734,0,1,0.0,0,0,163.0,5.099866427824199
0,Financial Services,4.303901437371663,0,3,0.0,0,0,10218.8,9.232082294094587
0,Financial Services,9.163586584531142,0,3,0.3333333333333333,0,0,777.6666666666666,6.657583055280008
0,Financial Services,4.763860369609857,0,2,0.5,0,0,16632.333333333332,9.7191639930715
0,Software,3.2881587953456535,0,2,0.0,0,0,8183.5,9.009997400584409
0,Other,5.634496919917864,0,3,0.0,1,0,23406.75,10.060822443093508
0,Education/Training,9.86447638603696,1,2,1.0,0,0,249.5,5.523458920524919
0,Healthcare,5.284052019164956,0,1,1.0,0,1,11.0,2.4849066497880004
1,Medical Devices & Equipment,6.2587268993839835,0,1,1.0,0,0,9689.0,9.178849704884811
0,Internet,6.598220396988364,0,2,0.0,0,0,551.5,6.314453433391908
0,Education/Training,3.5044490075290895,0,4,0.3333333333333333,0,0,4117.0,8.323122887587735
0,Healthcare,0.5530458590006845,0,2,0.5,0,0,10.0,2.3978952727983707
0,Consumer Products,6.877481177275839,1,1,1.0,0,0,5.0,1.791759469228055
1,Consumer Products,7.7180013689253935,0,1,1.0,0,0,7.0,2.0794415416798357
0,Other,8.837782340862423,1,1,0.0,0,1,7.0,2.0794415416798357
0,Other,6.803559206023272,1,1,1.0,0,1,31.0,3.4657359027997265
0,Financial Services,6.891170431211499,0,1,1.0,0,0,12.0,2.5649493574615367
0,Medical Devices & Equipment,8.060232717316905,1,1,0.0,0,1,13.0,2.6390573296152584
0,Retail,5.284052019164956,0,4,1.0,0,1,47.5,3.8815637979434374
0,Healthcare,5.73305954825462,1,1,1.0,0,1,2.0,1.0986122886681098
0,Pharmaceuticals,9.88911704312115,1,1,1.0,0,1,14.0,2.70805020110221
0,Other,2.3874058863791925,1,2,1.0,0,1,284.5,5.654242029096065
0,Business Support Services,7.523613963039014,0,1,0.0,0,0,2.0,1.0986122886681098
0,Consumer Products,3.8357289527720737,0,2,0.0,0,0,1564.0,7.355641102974253
0,Healthcare,8.539356605065024,0,3,0.3333333333333333,0,0,1040.3333333333333,6.948257222291467
0,Internet,9.360711841204655,0,1,1.0,0,0,823.0,6.714170529909472
0,Financial Services,9.648186173853524,0,2,1.0,0,0,23422.5,10.061495070904801
0,Other,8.991101984941821,0,1,1.0,0,0,20.0,3.044522437723423
0,Internet,9.478439425051334,0,2,0.5,0,0,2733.0,7.913521017283895
0,Food,7.449691991786447,0,5,0.4,0,0,223.0,5.4116460518550396
0,Consumer Products,4.035592060232717,0,4,0.25,0,0,9944.42857142857,9.204868284520288
0,Other,9.177275838466803,0,2,0.5,0,0,550.3333333333334,6.312339586915527
0,Financial Services,7.753593429158111,0,3,0.6666666666666666,0,1,1306.0,7.175489713624222
0,Other,3.3100616016427105,1,3,0.6666666666666666,0,1,140.2,4.950177325059141
1,Software,4.654346338124572,0,2,0.0,0,0,48.5,3.901972669574645
0,Other,9.30321697467488,0,4,0.75,0,1,205.6,5.330784556685538
1,Food,7.567419575633128,1,1,1.0,0,0,70.0,4.2626798770413155
1,Software,3.997262149212868,0,1,0.0,0,0,91.0,4.5217885770490405
0,Healthcare,3.668720054757016,0,2,0.0,0,0,5658.0,8.641002477142523
0,Other,0.7419575633127995,0,2,0.0,0,0,12.5,2.6026896854443837
0,Financial Services,5.2265571526351815,0,1,1.0,0,0,17.0,2.8903717578961645
0,Internet,9.481177275838467,0,1,0.0,0,0,25.0,3.258096538021482
0,Financial Services,9.52498288843258,1,1,1.0,0,0,182.0,5.209486152841421
1,Healthcare,3.19233401779603,0,1,1.0,0,0,25.0,3.258096538021482
0,Software,3.167693360711841,0,1,0.0,0,0,14.0,2.70805020110221
0,Financial Services,7.874058863791923,0,1,1.0,0,0,21.0,3.091042453358316
0,Software,4.167008898015058,0,2,0.0,0,0,522.0,6.259581464064923
0,Logistics & Distribution,7.956194387405886,0,1,1.0,0,1,10.0,2.3978952727983707
0,Internet,4.728268309377139,0,5,0.4,0,0,7598.0,8.935771938669784
0,Financial Services,0.3586584531143053,0,4,0.0,0,0,3441.0,8.143807976771484
0,Pharmaceuticals,9.522245037645447,0,3,0.3333333333333333,0,0,383.0,5.950642552587727
1,Other,3.383983572895277,1,1,0.0,0,0,75.0,4.330733340286331
0,Financial Services,7.444216290212183,1,2,0.5,0,1,32.0,3.4965075614664802
0,Other,6.261464750171116,0,3,0.3333333333333333,0,1,120.2,4.797442073635214
0,Other,8.060232717316905,0,2,1.0,0,0,509.0,6.234410725718371
0,Other,0.8459958932238193,0,3,0.3333333333333333,0,1,1905.25,7.552893240355722
0,Software,4.01368925393566,0,3,0.3333333333333333,0,0,6246.0,8.73985662749357
0,Financial Services,2.5023956194387407,0,3,0.3333333333333333,0,0,13263.4,9.492839033735809
0,Consumer Products,5.596167008898015,0,1,1.0,0,0,33.0,3.5263605246161616
0,Logistics & Distribution,9.308692676249144,0,1,0.0,0,0,28.0,3.367295829986474
0,Agribusiness,5.905544147843942,0,1,1.0,0,0,18.0,2.9444389791664403
0,Other,9.122518822724162,0,1,0.0,0,1,103.0,4.6443908991413725
0,Financial Services,9.385352498288844,0,2,0.5,0,0,16975.666666666668,9.73959513121054
0,Software,9.204654346338124,0,1,0.0,0,0,5.0,1.791759469228055
0,Other,3.5263518138261465,0,2,1.0,0,0,778.5,6.658652688497831
0,Business Support Services,6.907597535934292,0,3,0.5,0,0,15611.0,9.655795128300506
0,Software,8.013689253935661,0,3,0.0,0,0,15619.0,9.656307423393677
1,Other,1.8617385352498288,0,1,1.0,0,0,93.0,4.543294782270004
0,Other,8.914442162902121,0,1,0.0,0,0,15.0,2.772588722239781
0,Software,9.401779603011637,0,1,1.0,0,0,222.0,5.407171771460119
0,Other,1.1498973305954825,0,2,0.5,0,0,7711.0,8.950532836290382
0,Other,9.765913757700206,0,2,0.5,0,0,1405.6666666666667,7.248978118361948
0,Financial Services,3.0006844626967832,0,1,0.0,0,0,14.0,2.70805020110221
0,Healthcare IT,8.07939767282683,0,4,0.0,0,1,11703.5,9.367728662224925
0,Other,2.130047912388775,0,1,0.0,0,0,3099.0,8.039157390473237
0,Retail,2.7214236824093088,1,1,1.0,0,0,6.0,1.9459101490553132
0,Software,1.5633127994524298,0,3,0.0,0,0,9.666666666666666,2.367123614131617
0,Pharmaceuticals,9.503080082135524,0,1,1.0,0,0,258.0,5.556828061699537
0,Other,9.834360027378509,0,4,0.75,0,0,549.75,6.311280985682452
0,Other,4.960985626283367,0,3,0.3333333333333333,0,0,2322.1666666666665,7.750686476501832
0,Software,2.1793292265571527,0,1,0.0,0,0,6.0,1.9459101490553132
0,"Automobiles, Other Vehicles & Parts",9.984941820670773,1,1,0.0,0,0,10.0,2.3978952727983707
0,Internet,6.0889801505817935,0,4,0.5,0,0,3498.2,8.160289649922504
0,Logistics & Distribution,8.700889801505818,0,1,1.0,0,1,10.0,2.3978952727983707
0,Other,4.80766598220397,0,1,0.0,0,0,210.0,5.351858133476067
0,Other,9.371663244353183,0,1,0.0,0,0,20.0,3.044522437723423
0,Other,9.401779603011637,1,2,0.0,0,0,13.0,2.6390573296152584
0,Other,8.643394934976044,1,1,1.0,0,0,33.0,3.5263605246161616
1,Financial Services,9.42094455852156,0,1,1.0,0,0,73.0,4.30406509320417
0,Software,2.5817932922655715,0,2,0.0,0,0,8.0,2.1972245773362196
0,"Automobiles, Other Vehicles & Parts",4.057494866529774,0,4,0.25,0,0,9596.4,9.169247507440623
0,Financial Services,8.082135523613964,0,2,0.5,0,0,5835.0,8.671800909642677
0,Logistics & Distribution,6.8145106091718,0,1,1.0,0,0,20.0,3.044522437723423
0,Software,1.6399726214921286,0,1,1.0,0,0,70.0,4.2626798770413155
0,Education/Training,9.160848733744011,0,1,0.0,0,0,76.0,4.343805421853684
0,Financial Services,2.3353867214236823,1,3,0.6666666666666666,0,1,731.6666666666666,6.5966908462954565
0,Education/Training,4.539356605065024,0,4,0.0,0,0,8873.833333333334,9.090974834824559
0,Retail,7.260780287474333,0,1,1.0,0,1,147.0,4.997212273764115
0,Software,9.207392197125257,0,1,0.0,0,0,3099.0,8.039157390473237
0,Software,2.639288158795346,0,4,0.3333333333333333,0,0,4307.0,8.36822903827628
0,Retail,2.2012320328542097,0,5,0.8,0,0,1177.142857142857,7.071694627778042
0,Internet,2.2313483915126624,0,1,0.0,0,0,35.0,3.58351893845611
0,Software,9.467488021902806,0,3,1.0,0,1,8518.333333333334,9.050093369500539
1,Retail,5.648186173853525,0,1,0.0,0,0,6.0,1.9459101490553132
0,Other,6.132785763175907,1,1,0.0,0,1,5.0,1.791759469228055
0,Other,9.248459958932239,1,1,1.0,0,0,4.0,1.6094379124341003
0,Financial Services,1.9657768651608487,0,2,1.0,0,0,1889.0,7.5443321080536885
0,Other,2.7214236824093088,0,1,1.0,0,0,562.0,6.333279628139691
0,Other,3.0663928815879533,1,1,0.0,1,0,6.0,1.9459101490553132
0,Financial Services,7.263518138261465,0,5,0.6,0,0,24.4,3.2347491740244907
0,Retail,6.877481177275839,0,1,0.0,0,0,10.0,2.3978952727983707
0,Agribusiness,1.626283367556468,0,2,1.0,0,0,3015.0,8.011686729127847
0,Education/Training,3.1457905544147846,0,3,0.0,0,0,1113.75,7.016385443507586
0,Software,8.870636550308008,0,1,0.0,0,0,248.0,5.517452896464707
1,Business Support Services,1.2758384668035592,0,1,0.0,0,0,1.0,0.6931471805599453
0,Software,4.254620123203286,0,2,1.0,0,0,23402.0,10.060619498256424
0,Financial Services,7.885010266940451,0,2,0.0,0,1,1832.0,7.513709247839705
0,Education/Training,9.519507186858316,0,1,0.0,0,0,32.0,3.4965075614664802
0,Healthcare IT,8.856947296372347,0,3,1.0,0,0,1868.25,7.533292559880025
0,Consumer Products,8.947296372347708,0,1,0.0,0,0,69.0,4.248495242049359
0,Other,1.111567419575633,0,1,0.0,0,0,20.0,3.044522437723423
1,Logistics & Distribution,3.5592060232717317,0,1,0.0,0,1,7.0,2.0794415416798357
0,Consumer Products,3.159479808350445,0,4,0.75,0,0,3893.2,8.26724354568152
0,Software,3.5455167693360714,0,4,0.3333333333333333,0,1,11763.0,9.372799299673886
0,Software,6.546201232032854,0,3,0.0,0,0,369.3333333333333,5.91440350097152
0,Software,7.715263518138261,0,1,1.0,0,0,9.0,2.302585092994046
0,Other,6.6036960985626285,0,3,0.0,0,0,22.333333333333332,3.1498829533812494
0,Financial Services,6.778918548939083,0,1,0.0,0,0,10.0,2.3978952727983707
0,Other,9.196440793976729,1,1,1.0,0,0,562.0,6.333279628139691
0,Financial Services,4.03832991101985,0,3,0.3333333333333333,0,0,995.25,6.903998230104425
0,Consumer Products,7.775496235455168,0,1,0.0,0,0,115.0,4.7535901911063645
0,Internet,8.654346338124572,0,2,0.0,0,0,23492.0,10.064457783419048
1,"Automobiles, Other Vehicles & Parts",9.218343600273785,1,1,1.0,0,0,30.0,3.4339872044851463
0,Financial Services,7.003422313483915,1,3,0.6666666666666666,0,1,192.0,5.262690188904886
0,"Automobiles, Other Vehicles & Parts",5.670088980150582,0,1,0.0,0,0,163.0,5.099866427824199
0,Other,6.4722792607802875,0,1,0.0,0,0,7.0,2.0794415416798357
0,Internet,4.435318275154004,0,6,0.6666666666666666,0,0,902.4285714285714,6.80619704927405
0,Education/Training,3.4414784394250515,0,4,0.75,0,1,2027.8,7.615199764242907
1,Software,1.5523613963039014,0,1,0.0,0,0,9728.5,9.18291778639821
0,Education/Training,9.286789869952088,0,2,0.5,0,0,5826.0,8.670257567143075
1,Education/Training,3.9507186858316223,0,4,0.5,1,0,3933.0,8.277411998949004
0,Software,4.61327857631759,0,2,0.0,0,0,1550.5,7.346977483888435
0,Financial Services,2.507871321013005,0,1,0.0,0,0,27.0,3.332204510175204
0,Logistics & Distribution,2.7980835044490076,0,5,0.0,0,0,2972.5714285714284,7.997519010573763
0,Education/Training,8.810403832991103,0,2,0.5,0,0,181.5,5.206750173022546
0,Other,6.072553045859,0,4,0.0,1,0,640.8571428571429,6.4643657600148465
0,Other,6.439425051334703,0,4,1.0,0,0,8777.875,9.08010354630109
0,Software,6.93223819301848,0,3,0.6666666666666666,0,0,4292.75,8.36491575597066
0,Consumer Products,5.2676249144421625,0,4,0.3333333333333333,0,0,4121.25,8.324154409781078
0,Consumer Products,6.707734428473648,0,1,1.0,0,0,70.0,4.2626798770413155
0,Software,7.7782340862423,0,3,0.0,0,0,15610.0,9.655731072956666
0,Other,7.293634496919918,0,1,1.0,0,0,3.0,1.3862943611198906
0,Financial Services,9.059548254620124,0,5,0.2,0,0,467.3333333333333,6.149180293099737
1,Logistics & Distribution,3.515400410677618,0,2,0.0,0,0,5142.25,8.54544045435434
0,Education/Training,5.073237508555784,0,2,0.0,0,0,23435.5,10.062049915135852
0,Other,4.501026694045175,0,3,0.3333333333333333,0,0,8686.5,9.069640489873047
0,Software,4.733744010951403,0,3,0.6666666666666666,0,0,1385.3333333333333,7.234417651074802
0,Software,1.4154688569472964,0,4,0.0,0,0,11737.25,9.370608019238722
0,Other,5.188227241615332,0,4,0.75,0,1,8469.0,9.0442857876461
0,Internet,7.58384668035592,0,1,1.0,0,0,9.0,2.302585092994046
0,Financial Services,7.112936344969199,0,3,0.3333333333333333,0,1,5687.142857142857,8.646139086699131
0,Healthcare,3.0636550308008212,0,5,1.0,0,0,4820.0,8.480736654405622
0,Software,3.8357289527720737,0,4,0.5,0,0,5960.333333333333,8.69304944868576
0,Consumer Products,1.919233401779603,0,3,0.5,0,0,5477.0,8.608495349823023
0,Education/Training,3.969883641341547,0,4,0.0,0,0,837.0,6.731018100482083
0,Internet,5.7878165639972625,0,1,1.0,0,0,7.0,2.0794415416798357
1,Pharmaceuticals,2.294318959616701,0,1,1.0,0,0,30.0,3.4339872044851463
0,Software,8.889801505817934,1,1,0.0,0,0,13.0,2.6390573296152584
0,Agribusiness,9.270362765229295,0,2,1.0,0,1,7.5,2.1400661634962708
1,Pharmaceuticals,5.905544147843942,0,1,1.0,0,1,307.0,5.730099782973574
0,Software,1.6098562628336757,0,1,0.0,0,0,77.0,4.356708826689592
0,Other,3.268993839835729,0,7,0.7142857142857143,0,1,2659.3333333333335,7.886206707207899
0,Internet,1.6618754277891854,0,3,0.0,0,0,4415.5,8.393102806185187
0,Other,2.2286105407255303,0,1,1.0,0,0,24229.5,10.095367449173393
1,Consumer Products,7.693360711841205,1,1,1.0,0,0,6.0,1.9459101490553132
0,"Automobiles, Other Vehicles & Parts",3.5455167693360714,0,1,1.0,0,0,509.0,6.234410725718371
0,Education/Training,5.924709103353867,0,3,0.3333333333333333,0,0,1590.5,7.3724322467221475
0,Consumer Products,9.218343600273785,0,3,0.3333333333333333,0,0,378.6666666666667,5.939293674779073
0,Financial Services,9.995893223819301,1,1,1.0,0,0,53.0,3.9889840465642745
0,Food,9.631759069130732,0,1,0.0,0,0,3.0,1.3862943611198906
0,Education/Training,8.818617385352498,0,3,0.0,0,0,1080.0,6.985641817639208
0,Software,1.3552361396303902,0,4,0.3333333333333333,0,0,4109.5,8.321299954592188
0,Other,0.8459958932238193,0,3,0.3333333333333333,0,0,12837.8,9.460227114932561
0,Financial Services,7.756331279945243,1,1,0.0,0,1,6.0,1.9459101490553132
0,Education/Training,4.80766598220397,0,2,0.5,0,0,8165.5,9.007795699493194
0,Financial Services,2.42299794661191,0,6,0.5,0,0,536.8333333333334,6.287548722823907
0,Software,5.557837097878165,0,2,0.0,0,0,106.0,4.672828834461906
1,Education/Training,6.362765229295003,0,1,1.0,0,0,4363.0,8.381144346952961
0,Other,9.754962354551678,0,3,0.0,0,0,4371.0,8.382975849296429
0,Software,4.123203285420945,0,1,0.0,0,0,91.0,4.5217885770490405
0,Business Support Services,1.620807665982204,0,2,1.0,0,0,8214.0,9.01371703047137
0,Financial Services,4.498288843258043,0,1,1.0,0,0,2682.3333333333335,7.8948150817444995
0,Consumer Products,2.7132101300479126,0,1,0.0,0,0,9.0,2.302585092994046
1,Other,0.3203285420944558,0,1,1.0,0,0,376.0,5.932245187448011
0,Software,0.785763175906913,0,2,1.0,0,0,8197.5,9.011706489689923
0,Software,4.922655715263518,0,1,0.0,0,0,189.0,5.247024072160486
1,Other,7.835728952772074,0,1,1.0,0,1,1.0,0.6931471805599453
0,Pharmaceuticals,4.498288843258043,0,2,0.0,0,0,1673.5,7.423269892234259
0,Other,1.3607118412046544,0,2,0.0,0,0,2069.3333333333335,7.635464903891194
0,Other,4.427104722792608,0,1,1.0,0,0,11.0,2.4849066497880004
0,Financial Services,4.120465434633813,0,1,1.0,0,0,12.0,2.5649493574615367
1,Financial Services,4.177960301163586,0,1,1.0,0,0,1.0,0.6931471805599453
0,Consumer Products,9.787816563997263,1,1,0.0,0,1,2.0,1.0986122886681098
0,Software,4.0191649555099245,0,4,0.3333333333333333,0,0,11751.5,9.371821262898285
0,Software,5.2265571526351815,0,3,0.3333333333333333,0,0,118.66666666666669,4.7847100998201695
0,Software,5.308692676249144,0,2,0.0,0,0,164.5,5.1089711948171175
0,Consumer Products,6.33264887063655,1,1,0.0,0,1,8.0,2.1972245773362196
0,Internet,8.470910335386721,0,1,0.0,0,0,115.0,4.7535901911063645
0,Other,9.94113620807666,0,2,0.5,0,1,5.0,1.791759469228055
0,Agribusiness,8.867898699520875,0,1,1.0,0,0,456.0,6.124683390894205
0,Internet,3.159479808350445,0,4,0.5,0,0,12638.4,9.44457419821976
0,Business Support Services,8.851471594798083,0,1,0.0,0,0,5.0,1.791759469228055
0,"Automobiles, Other Vehicles & Parts",3.5017111567419574,0,2,0.0,0,0,552.5,6.316261752148692
0,Other,9.352498288843258,0,3,0.3333333333333333,0,0,1072.0,6.9782137426306985
0,Other,7.8494182067077345,0,3,1.0,0,0,757.6666666666666,6.631562506578112
0,Education/Training,4.251882272416153,0,6,0.8333333333333334,0,0,974.0,6.882437470997847
0,Software,7.794661190965092,0,1,0.0,0,0,33.0,3.5263605246161616
1,Logistics & Distribution,8.407939767282683,0,1,1.0,0,0,228.0,5.43372200355424
0,Other,6.447638603696099,0,1,0.0,0,0,11.0,2.4849066497880004
0,Healthcare,3.266255989048597,0,1,1.0,0,1,16.0,2.833213344056216
1,Other,6.921286789869952,0,2,0.5,0,0,10.0,2.3978952727983707
0,Education/Training,9.034907597535934,0,2,0.5,0,0,1551.5,7.347621813807634
0,Other,6.893908281998631,0,3,0.6666666666666666,0,1,11.0,2.4849066497880004
0,Other,4.824093086926762,0,3,0.6666666666666666,0,0,4478.25,8.407210900680008
0,Financial Services,3.167693360711841,0,2,0.5,0,0,4717.4,8.459225038061012
0,Financial Services,7.29637234770705,0,2,0.0,0,0,55.5,4.034240638152395
0,Other,5.779603011635865,0,4,0.25,0,0,472.4,6.159940697079883
0,Education/Training,3.252566735112936,0,1,0.0,0,0,99.0,4.605170185988092
0,Software,3.485284052019165,0,2,0.5,0,0,1049.0,6.956545443151569
0,Other,4.15605749486653,0,2,0.0,0,0,10.0,2.3978952727983707
0,Software,8.780287474332649,0,2,0.0,0,0,16669.666666666668,9.721405966946781
0,Other,8.183436002737851,0,4,0.0,0,0,863.75,6.762440447817278
0,Consumer Products,3.564681724845996,0,2,0.0,0,0,7170.333333333333,8.877846876323842
0,Other,3.7700205338809036,0,1,1.0,0,0,124.0,4.8283137373023015
0,Financial Services,6.803559206023272,0,1,1.0,0,0,2.0,1.0986122886681098
0,Education/Training,9.582477754962355,0,2,1.0,0,0,6810.0,8.826294231241318
0,Financial Services,1.2539356605065024,0,2,0.5,0,0,7516.777777777777,8.92502586499848
0,Healthcare,8.24640657084189,0,1,0.0,0,0,7.0,2.0794415416798357
0,Consumer Products,6.1738535249828885,0,2,0.5,0,0,5826.0,8.670257567143075
0,Internet,9.724845995893224,0,2,1.0,0,0,1052.5,6.9598732332442435
0,Food,9.905544147843942,0,1,1.0,0,0,41.0,3.7376696182833684
0,Medical Devices & Equipment,3.5263518138261465,0,3,0.0,0,0,140.66666666666666,4.953476880256307
0,Education/Training,4.889801505817933,0,1,0.0,1,0,57.0,4.060443010546419
0,Other,9.6290212183436,0,1,1.0,0,0,696.0,6.546785410760524
0,Other,6.855578370978781,0,1,0.0,0,0,5.0,1.791759469228055
0,Other,2.088980150581793,0,1,1.0,0,0,181.0,5.204006687076795
0,Pharmaceuticals,2.099931553730322,1,1,1.0,0,1,6.0,1.9459101490553132
0,Other,9.639972621492129,0,3,0.6666666666666666,0,0,4287.333333333333,8.363653436047734
0,Other,4.3203285420944555,0,2,0.0,0,1,1053.6666666666667,6.960980040219435
0,Consumer Products,2.078028747433265,0,5,0.2,0,0,9474.857142857143,9.156502489485124
0,Food,2.403832991101985,0,2,0.5,0,0,13827.4,9.5344797274383
0,Internet,0.30390143737166325,0,1,0.0,0,0,2433.6666666666665,7.797565133606694
0,Internet,5.842573579739904,0,2,0.0,0,0,560.0,6.329720905522696
0,Internet,9.149897330595483,0,1,0.0,0,0,19.0,2.995732273553991
0,Financial Services,8.46817248459959,0,3,0.6666666666666666,0,0,162.33333333333334,5.095793102436563
0,Healthcare,0.5968514715947981,0,1,0.0,0,0,4.0,1.6094379124341003
0,Financial Services,9.752224503764545,0,1,1.0,0,0,7.0,2.0794415416798357
1,Internet,2.9349760438056127,0,2,0.0,0,0,23427.0,10.061687167209673
0,Pharmaceuticals,2.0150581793292264,0,1,1.0,0,0,493.0,6.202535517187923
0,Software,7.014373716632443,0,1,0.0,0,0,1027.0,6.93537044601511
0,Financial Services,5.147159479808351,0,1,1.0,0,0,1436.0,7.270312886079025
0,Other,1.111567419575633,0,1,0.0,0,0,20.0,3.044522437723423
0,Financial Services,2.3381245722108144,0,2,0.0,0,0,4.5,1.7047480922384253
0,Financial Services,9.059548254620124,0,4,0.75,0,0,3511.6,8.164111782987636
0,Food,1.1718001368925393,0,1,0.0,0,0,59.0,4.0943445622221
0,Consumer Products,5.319644079397673,0,2,0.0,0,0,1651.4,7.409984055522609
0,"Automobiles, Other Vehicles & Parts",1.919233401779603,0,1,0.0,0,0,248.0,5.517452896464707
0,Pharmaceuticals,2.833675564681725,0,1,0.0,0,0,32.0,3.4965075614664802
0,Pharmaceuticals,6.277891854893908,1,2,0.5,0,1,9.5,2.3513752571634776
0,Software,6.414784394250513,0,4,0.3333333333333333,0,0,4771.25,8.47057317078101
0,Pharmaceuticals,1.9520876112251881,1,1,1.0,0,1,313.0,5.749392985908253
0,Consumer Products,9.618069815195073,0,1,0.0,0,0,69.0,4.248495242049359
0,Other,9.196440793976729,1,2,0.0,0,0,1581.5,7.366761154018331
0,Internet,5.763175906913073,0,4,0.5,0,0,881.75,6.783042034808496
0,Software,0.2053388090349076,0,4,0.0,0,0,1774.142857142857,7.481636181568326
1,Consumer Products,1.106091718001369,0,1,0.0,0,0,224.0,5.41610040220442
0,Internet,4.813141683778234,0,3,0.6666666666666666,0,0,10743.2,9.28212135307077
0,Consumer Products,2.954140999315537,0,1,1.0,0,0,6774.333333333333,8.821043845029601
1,Internet,9.4072553045859,0,1,1.0,0,0,56.0,4.04305126783455
0,Other,4.303901437371663,0,3,0.6666666666666666,0,1,1179.0,7.07326971745971
1,Software,5.9137577002053385,0,2,0.5,0,0,15970.333333333334,9.678550727600825
0,Food,3.3976728268309375,0,2,0.0,0,0,1593.0,7.374001859350161
0,Financial Services,7.581108829568788,0,1,0.0,0,0,55.0,4.02535169073515
0,Financial Services,3.266255989048597,0,10,0.4,1,0,452.0,6.115892125483034
0,Other,5.623545516769336,0,1,1.0,0,1,7.0,2.0794415416798357
0,Other,9.426420260095824,1,1,0.0,1,0,6.0,1.9459101490553132
0,Business Support Services,1.215605749486653,0,2,0.5,0,1,1531.3333333333333,7.334546907138118
0,Software,5.136208076659822,0,3,0.3333333333333333,0,1,1057.3333333333333,6.964450622658682
0,Software,4.383299110198494,0,2,0.5,0,0,120.5,4.799914262780603
0,Consumer Products,8.043805612594113,0,2,0.0,0,0,1551.5,7.347621813807634
0,Consumer Products,8.558521560574949,0,2,0.0,0,0,545.5,6.3035343076165935
0,Software,3.047227926078029,0,2,0.5,0,0,16635.666666666668,9.719364373795546
0,Financial Services,9.347022587268993,0,2,0.5,0,0,8078.0,8.997023381479709
0,Other,9.36892539356605,0,1,0.0,0,0,115.0,4.7535901911063645
0,Other,6.072553045859,0,2,0.0,0,0,12265.0,9.414586486185929
1,Software,0.23819301848049282,0,1,1.0,0,0,16121.0,9.687940077843546
0,Internet,7.170431211498974,0,2,0.0,0,0,8180.0,9.009569671513699
0,Consumer Products,0.5941136208076659,0,1,0.0,0,0,21.0,3.091042453358316
0,Other,9.100616016427105,1,1,1.0,0,0,3.0,1.3862943611198906
0,Consumer Products,9.245722108145106,0,3,0.6666666666666666,0,0,350.6666666666667,5.862683757242057
0,Other,8.758384668035593,0,1,1.0,0,0,16.0,2.833213344056216
0,Other,8.829568788501026,0,2,0.0,0,1,21.666666666666668,3.120895416507997
0,Other,2.943189596167009,0,4,0.0,0,0,826.5,6.718409107251218
0,Medical Devices & Equipment,7.915126625598905,0,2,0.0,0,0,16643.0,9.719805070102831
0,Consumer Products,0.09034907597535935,0,2,0.0,0,0,56.5,4.051784947803305
0,Other,8.736481861738536,0,1,1.0,0,0,3.0,1.3862943611198906
0,Education/Training,8.958247775496236,0,3,0.0,0,0,10223.0,9.232493176617316
0,Software,5.9986310746064335,0,3,0.6666666666666666,0,0,151.0,5.0238805208462765
0,Food,4.528405201916495,0,3,0.3333333333333333,0,0,4888.75,8.494896456417628
0,Food,7.969883641341547,0,1,0.0,0,0,3099.0,8.039157390473237
0,Consumer Products,3.058179329226557,0,1,0.0,0,0,3099.0,8.039157390473237
0,Food,2.1656399726214923,0,1,1.0,0,0,6607.333333333333,8.796086757834939
0,Food,7.3730321697467485,0,1,0.0,0,0,163.0,5.099866427824199
0,Healthcare,5.084188911704312,0,3,0.0,0,0,4145.8,8.330092231448956
0,Retail,6.091718001368926,0,2,0.5,0,0,13254.25,9.492148979352505
0,Consumer Products,6.450376454483231,0,1,0.0,0,0,13.0,2.6390573296152584
0,Other,9.382614647501711,0,1,0.0,0,0,10.0,2.3978952727983707
0,Retail,0.32306639288158795,0,2,0.0,0,0,8183.5,9.009997400584409
0,Medical Devices & Equipment,1.9931553730321698,0,3,0.0,0,0,1560.0,7.353081920515432
0,Medical Devices & Equipment,8.451745379876797,0,1,0.0,0,0,163.0,5.099866427824199
0,Software,4.249144421629021,0,1,1.0,0,0,1.0,0.6931471805599453
0,Other,8.24640657084189,0,2,0.0,0,0,10.0,2.3978952727983707
0,"Automobiles, Other Vehicles & Parts",5.201916495550993,0,2,0.0,0,0,2066.3333333333335,7.6340148109922845
0,Consumer Products,7.430527036276523,0,2,0.0,0,0,1607.0,7.382746449738912
0,Other,2.414784394250513,0,1,0.0,0,0,99.0,4.605170185988092
0,Software,1.842573579739904,0,2,0.0,0,0,16802.833333333332,9.729362313966659
0,Other,9.78507871321013,1,1,1.0,0,0,1.0,0.6931471805599453
0,Business Support Services,9.952087611225188,0,1,1.0,0,1,8.0,2.1972245773362196
0,Software,2.428473648186174,0,5,0.4,0,0,962.7142857142856,6.870794866566282
0,Financial Services,5.946611909650924,0,2,0.5,0,0,12252.25,9.413546486907876
0,Healthcare,8.695414099931554,1,1,1.0,0,0,4.0,1.6094379124341003
0,"Automobiles, Other Vehicles & Parts",1.8507871321013005,1,2,0.0,0,1,1525.6666666666667,7.330841988440121
1,Internet,1.6043805612594113,0,1,0.0,0,0,17664.333333333332,9.779359429319904
0,Software,6.639288158795345,0,2,0.0,0,1,603.0,6.403574197934815
0,Other,2.945927446954141,0,2,0.0,0,0,8217.0,9.014082149443356
0,Logistics & Distribution,9.924709103353868,0,2,0.5,0,0,283.5,5.6507332535663855
0,Pharmaceuticals,9.270362765229295,0,1,1.0,0,0,100.0,4.61512051684126
0,Logistics & Distribution,2.847364818617385,0,3,0.6666666666666666,0,0,3975.0,8.288031567776464
0,Other,9.752224503764545,0,1,1.0,0,0,56.0,4.04305126783455
0,Food,2.3134839151266258,0,2,0.0,0,0,1607.0,7.382746449738912
0,Other,6.067077344284736,0,4,0.75,1,0,91.0,4.5217885770490405
0,Education/Training,9.639972621492129,0,2,1.0,0,0,143.0,4.969813299576001
0,Software,8.31211498973306,0,1,0.0,0,0,31.0,3.4657359027997265
0,Healthcare,3.57015742642026,0,4,0.25,0,0,784.0,6.665683717782408
1,Software,3.3921971252566734,0,2,0.5,0,0,8071.5,8.99621850263243
1,Pharmaceuticals,9.182751540041068,1,1,1.0,0,0,53.0,3.9889840465642745
0,Financial Services,3.5811088295687883,0,4,0.5,0,0,1790.7142857142858,7.490928142047653
0,Software,1.7522245037645447,0,2,0.0,0,0,790.75,6.674245685418749
0,Software,3.1978097193702943,0,2,1.0,0,0,129.5,4.871373226762748
1,Other,0.4216290212183436,0,1,0.0,0,0,3099.0,8.039157390473237
0,Software,4.172484599589322,0,3,0.3333333333333333,0,0,5380.333333333333,8.590691453925281
0,Software,0.9609856262833676,0,2,0.0,0,0,1551.5,7.347621813807634
0,Other,9.689253935660506,0,1,1.0,0,0,230.0,5.442417710521793
1,Financial Services,9.73305954825462,0,1,0.0,0,0,2.0,1.0986122886681098
0,Financial Services,6.121834360027378,0,1,0.0,0,0,55.0,4.02535169073515
0,Financial Services,1.8480492813141685,0,4,0.0,0,0,263.25,5.576895624750347
0,Other,9.149897330595483,0,2,0.5,0,0,5878.5,8.67922700326347
0,Financial Services,8.678986995208762,0,2,0.0,0,0,6.0,1.9459101490553132
0,Software,7.3347022587268995,0,2,0.5,0,0,629.5,6.446513155404975
0,Medical Devices & Equipment,5.344284736481861,0,1,1.0,0,0,30.0,3.4339872044851463
0,Software,1.5824777549623545,0,2,0.0,0,0,24.5,3.2386784521643803
0,Other,5.415468856947296,0,1,1.0,0,0,37.0,3.6375861597263857
0,Software,4.0657084188911705,0,2,1.0,0,0,23405.0,10.060747678734712
0,Other,0.75564681724846,0,1,0.0,0,0,210.0,5.351858133476067
0,Other,4.213552361396304,0,5,0.4,0,0,1073.5,6.979610716082565
0,Internet,6.261464750171116,0,2,0.0,0,1,50.0,3.9318256327243257
0,Internet,7.794661190965092,0,4,0.5,0,0,7721.0,8.951828676824181
0,Software,2.9075975359342916,0,1,1.0,0,0,46.0,3.8501476017100584
0,Healthcare IT,9.91375770020534,0,3,0.5,0,0,5529.0,8.61794309451638
0,Financial Services,3.753593429158111,0,4,0.0,0,0,842.5,6.737559901986023
0,Internet,9.752224503764545,0,1,0.0,0,1,103.0,4.6443908991413725
0,Internet,9.787816563997263,0,2,0.0,0,0,45.5,3.8394523125933104
0,Food,3.5537303216974676,0,2,0.0,0,0,1568.5,7.358512376282008
0,Software,5.763175906913073,0,2,0.0,0,0,2333.75,7.755660097989828
1,Logistics & Distribution,5.8288843258042435,0,1,0.0,0,0,17.0,2.8903717578961645
0,Financial Services,5.136208076659822,0,2,1.0,0,0,222.5,5.409411414053624
0,Internet,9.44832306639288,0,1,0.0,0,0,163.0,5.099866427824199
0,Other,3.162217659137577,0,1,0.0,0,0,28.0,3.367295829986474
0,Other,1.9164955509924708,1,2,1.0,0,1,62.5,4.151039905898646
1,Consumer Products,0.9007529089664613,0,2,0.0,0,0,2480.0,7.816416983691801
0,Software,4.153319644079398,0,3,0.0,0,0,1038.6666666666667,6.946655427939693
0,Software,4.232717316906228,0,1,1.0,0,0,24.0,3.2188758248682006
0,Software,9.366187542778919,0,2,0.5,0,0,2188.5,7.6914284862414535
0,Software,6.499657768651608,0,3,0.6666666666666666,0,0,369.0,5.91350300563827
1,Financial Services,1.5578370978781657,0,1,0.0,0,0,11.0,2.4849066497880004
0,Logistics & Distribution,4.03832991101985,0,1,1.0,0,0,223.0,5.4116460518550396
0,Logistics & Distribution,9.598904859685147,0,1,0.0,1,0,6.0,1.9459101490553132
0,Food,9.253935660506503,0,2,0.0,0,0,16637.333333333332,9.719464549102415
0,Financial Services,0.26283367556468173,0,5,0.2,0,0,2916.5,7.978482364160711
0,Software,3.583846680355921,0,4,0.5,0,0,1415.5,7.255944319270571
0,Healthcare,6.590006844626968,1,2,0.5,0,0,589.5,6.380969635637417
0,Internet,4.418891170431212,0,1,0.0,0,0,2063.0,7.6324011266014535
0,Financial Services,7.000684462696783,1,1,1.0,0,0,41.0,3.7376696182833684
1,Financial Services,5.519507186858316,0,2,1.0,0,0,23400.0,10.060534035475412
0,Internet,3.189596167008898,0,2,0.0,0,0,1560.0,7.353081920515432
0,Education/Training,9.927446954140999,0,2,1.0,0,0,6.0,1.9459101490553132
1,Software,9.015742642026009,0,1,0.0,0,0,69.0,4.248495242049359
0,Internet,8.276522929500342,0,2,0.5,0,0,38.5,3.676300671907076
0,Financial Services,9.96851471594798,0,6,0.5,0,1,501.875,6.220341630269952
0,Healthcare IT,5.0568104038329915,0,6,0.8333333333333334,0,0,2863.8888888888887,7.9602848461590545
0,"Automobiles, Other Vehicles & Parts",8.68993839835729,0,2,1.0,1,0,24.0,3.2188758248682006
0,Financial Services,8.251882272416154,0,2,0.0,0,0,23404.0,10.06070495373417
0,Software,9.749486652977414,0,1,1.0,0,0,267.0,5.5909869805108565
0,Software,0.8350444900752909,0,2,0.0,0,0,2879.4285714285716,7.965694371582762
0,Financial Services,4.2354551676933605,0,2,1.0,0,0,928.0,6.834108738813838
0,Internet,5.114305270362765,0,1,0.0,0,1,1.0,0.6931471805599453
0,Financial Services,2.272416153319644,0,1,0.0,0,0,3099.0,8.039157390473237
0,Financial Services,8.27378507871321,0,6,0.5,0,0,3405.285714285714,8.133377743284504
0,Software,2.6830937713894594,0,2,0.0,0,0,37.5,3.6506582412937387
1,Consumer Products,2.5489390828199863,0,2,0.0,0,0,1557.0,7.351158226430694
0,Education/Training,8.8870636550308,0,2,0.5,0,0,5141.25,8.545246005858273
0,Software,3.5811088295687883,0,3,0.0,0,0,1053.6666666666667,6.960980040219435
0,Business Support Services,9.883641341546886,1,1,0.0,0,0,1.0,0.6931471805599453
0,Education/Training,9.582477754962355,0,1,0.0,0,0,8.0,2.1972245773362196
0,Financial Services,3.5345653661875427,0,1,1.0,0,0,4072.3333333333335,8.312216944057477
0,Financial Services,3.02258726899384,0,5,0.4,0,0,1080.0,6.985641817639208
0,Financial Services,7.148528405201916,0,3,0.6666666666666666,0,0,146.0,4.990432586778736
0,Other,3.353867214236824,0,2,0.5,0,0,5607.0,8.631949428714426
0,Internet,9.768651608487337,0,3,0.6666666666666666,0,1,278.3333333333333,5.632405811813974
0,Internet,9.08145106091718,0,3,0.3333333333333333,0,0,4911.0,8.499436469826978
0,Other,3.4277891854893907,0,1,0.0,0,0,210.0,5.351858133476067
0,Software,8.501026694045175,0,2,0.0,0,0,23426.0,10.061644482330784
0,Financial Services,8.180698151950718,0,1,0.0,0,0,77.0,4.356708826689592
1,Other,0.8240930869267625,0,1,0.0,0,0,3099.0,8.039157390473237
0,Software,2.529774127310062,0,1,0.0,0,0,210.0,5.351858133476067
0,Financial Services,3.1074606433949348,0,4,0.0,0,0,3915.6,8.272979209482736
0,Agribusiness,8.199863107460644,0,2,1.0,0,0,61.0,4.127134385045092
0,Financial Services,8.24914442162902,0,2,0.5,0,0,117.0,4.770684624465665
0,Food,4.692676249144422,0,2,0.0,0,0,1552.5,7.348265728833102
0,Software,9.689253935660506,0,1,0.0,0,0,44.0,3.8066624897703196
0,Education/Training,4.117727583846681,0,1,1.0,0,0,130.0,4.875197323201151
0,Software,8.728268309377139,0,3,1.0,0,0,397.6666666666667,5.988125645842468
0,Consumer Products,8.188911704312115,0,3,0.3333333333333333,0,0,82.0,4.418840607796598
0,Financial Services,0.5284052019164955,0,2,1.0,0,0,23400.0,10.060534035475412
0,Internet,5.9986310746064335,0,4,0.0,0,0,33.25,3.5336865647082343
0,Other,2.5023956194387407,0,1,0.0,0,0,91.0,4.5217885770490405
0,Financial Services,1.297741273100616,0,4,0.25,0,0,398.25,5.989587787095122
0,Other,2.0643394934976045,0,5,0.4,0,0,666.6,6.5036891917876805
0,Financial Services,6.543463381245722,0,1,1.0,0,0,12.0,2.5649493574615367
1,Other,6.507871321013004,1,1,0.0,1,0,19.0,2.995732273553991
0,Financial Services,8.752908966461328,0,3,0.6666666666666666,0,0,60.0,4.110873864173311
0,Healthcare,1.8316221765913758,1,3,0.6666666666666666,0,0,246.0,5.5093883366279774
0,Financial Services,9.00479123887748,0,2,1.0,0,0,23677.5,10.072322742396993
0,Financial Services,7.455167693360712,0,2,1.0,0,0,99.5,4.61015772749913
0,"Automobiles, Other Vehicles & Parts",5.582477754962355,0,3,0.5,0,0,5747.666666666667,8.65672322284416
1,Other,3.0198494182067077,0,1,1.0,0,0,6.0,1.9459101490553132
0,Consumer Products,3.047227926078029,0,1,0.0,0,0,31.0,3.4657359027997265
0,Other,0.11772758384668036,0,1,1.0,0,1,313.0,5.749392985908253
0,Food,9.94113620807666,1,2,1.0,0,0,58.0,4.07753744390572
0,Pharmaceuticals,6.165639972621492,0,1,0.0,0,0,1.0,0.6931471805599453
0,Healthcare,3.433264887063655,0,1,1.0,0,0,130.0,4.875197323201151
0,Internet,4.210814510609172,0,2,0.0,0,0,40.5,3.7256934272366524
0,Internet,3.0855578370978782,0,1,1.0,0,0,11757.333333333334,9.372317488052905
0,Food,6.784394250513347,0,2,0.5,0,0,15945.333333333334,9.676984196727899
0,Retail,3.1731690622861053,1,1,0.0,0,0,10.0,2.3978952727983707
0,Healthcare,2.8856947296372346,0,2,1.0,0,0,6.0,1.9459101490553132
0,Business Support Services,0.2929500342231348,0,1,0.0,0,0,25.0,3.258096538021482
0,Software,4.035592060232717,0,4,0.75,0,0,3905.8,8.270473903573322
0,Financial Services,8.788501026694044,0,2,0.0,0,1,518.0,6.251903883165888
0,Other,9.921971252566735,0,3,0.3333333333333333,0,0,192.66666666666663,5.266138468183802
0,Other,1.0376454483230664,0,3,0.0,0,0,3902.3333333333335,8.269586167923654
0,Internet,9.6290212183436,0,4,0.0,0,0,855.25,6.752562389576435
0,Software,0.676249144421629,0,2,0.5,0,0,16.0,2.833213344056216
0,Medical Devices & Equipment,5.286789869952088,0,3,0.3333333333333333,0,0,6.666666666666667,2.03688192726104
0,Software,9.330595482546201,0,1,0.0,0,0,1027.0,6.93537044601511
0,Software,9.52498288843258,0,1,0.0,0,0,44.0,3.8066624897703196
0,Software,6.436687200547571,0,2,0.0,0,0,23408.0,10.06087584278487
0,Other,9.574264202600958,0,1,1.0,0,0,921.0,6.826545223556594
0,Software,5.404517453798768,0,3,0.3333333333333333,0,0,197.0,5.288267030694535
0,Financial Services,2.8774811772758384,0,3,0.0,0,0,4873.5,8.491772814069327
0,Healthcare,8.276522929500342,1,1,0.0,0,1,9.0,2.302585092994046
0,Other,0.9336071184120466,0,2,0.0,0,0,16633.333333333332,9.719224111504833
0,Retail,5.171800136892539,0,2,0.5,0,0,2493.0,7.821643126239982
0,Software,7.750855578370979,0,2,0.0,0,0,36.0,3.6109179126442243
1,"Automobiles, Other Vehicles & Parts",4.084873374401095,1,1,0.0,0,0,5.0,1.791759469228055
0,Internet,6.52703627652293,0,2,0.0,0,0,1553.0,7.348587530927593
0,"Automobiles, Other Vehicles & Parts",3.696098562628337,0,2,0.0,0,0,514.5,6.245137303457015
0,Other,7.488021902806297,0,2,0.0,0,0,514.0,6.244166900663736
0,Education/Training,5.404517453798768,0,2,0.5,0,0,651.5,6.480811139196849
0,Retail,6.611909650924025,0,2,0.5,0,1,93.5,4.548599834499697
0,Other,6.466803559206023,0,1,1.0,0,0,46.0,3.8501476017100584
0,Financial Services,5.631759069130732,0,7,0.8571428571428571,0,0,461.0,6.135564891081739
0,Healthcare IT,5.508555783709788,0,4,0.5,0,0,9628.285714285714,9.172564329069852
0,Healthcare,4.5338809034907595,0,4,0.3333333333333333,0,0,4100.5,8.319108039442805
0,Retail,6.751540041067762,0,1,0.0,0,0,163.0,5.099866427824199
0,Financial Services,5.952087611225188,0,1,1.0,0,0,4.0,1.6094379124341003
0,Other,1.9739904175222451,1,1,1.0,0,1,11.0,2.4849066497880004
0,Software,5.678302532511978,0,3,0.0,0,0,353.6666666666667,5.87117838123348
0,Other,9.442847364818617,0,1,0.0,0,0,3099.0,8.039157390473237
0,Software,2.9349760438056127,0,2,0.0,0,0,14.5,2.740840023925201
0,Software,5.9137577002053385,0,1,0.0,0,0,27.0,3.332204510175204
0,Consumer Products,9.768651608487337,0,2,0.0,0,0,203.0,5.318119993844216
0,Internet,4.046543463381246,0,1,1.0,0,0,111.0,4.718498871295094
0,Software,8.848733744010952,0,1,0.0,0,0,248.0,5.517452896464707
0,Financial Services,1.1718001368925393,0,1,1.0,0,0,2.0,1.0986122886681098
0,Other,4.16974674880219,0,3,0.3333333333333333,0,0,1398.3333333333333,7.2437512117124685
0,Food,4.161533196440794,0,1,0.0,0,0,143.0,4.969813299576001
0,Other,9.790554414784394,0,2,0.5,0,0,8.5,2.2512917986064953
0,Other,9.295003422313483,0,5,0.4,0,0,241.4,5.490589254195159
0,Software,7.841204654346338,0,4,0.5,0,0,439.4,6.087683404848525
0,Other,5.021218343600274,0,1,0.0,0,0,9.0,2.302585092994046
0,Other,4.670773442847365,0,3,0.0,0,0,1567.5,7.357875027630733
0,Other,7.028062970568104,1,1,0.0,0,1,9.0,2.302585092994046
0,Software,4.673511293634497,0,2,0.0,0,0,8187.0,9.01042494678118
0,Consumer Products,6.020533880903491,0,1,1.0,0,0,1288.0,7.161622002939187
0,Food,7.660506502395619,0,1,0.0,0,0,9.0,2.302585092994046
0,Retail,1.4099931553730323,0,1,0.0,0,0,210.0,5.351858133476067
0,Education/Training,4.303901437371663,0,2,0.0,0,0,6516.0,8.78216942633238
0,Financial Services,4.818617385352498,0,2,0.5,0,0,1605.0,7.381501894506707
0,Software,4.344969199178645,0,6,0.2,0,1,3252.1666666666665,8.087384159918555
0,Software,5.25119780971937,0,1,1.0,0,0,1.0,0.6931471805599453
0,Financial Services,5.034907597535934,0,3,0.3333333333333333,0,0,1041.3333333333333,6.949217068789731
0,Retail,1.51129363449692,1,1,1.0,0,0,61.0,4.127134385045092
0,Other,2.5790554414784395,0,2,0.5,0,0,1579.5,7.365496531655673
0,Software,1.054072553045859,0,1,0.0,0,0,6.0,1.9459101490553132
0,Other,5.040383299110198,0,1,0.0,0,0,163.0,5.099866427824199
0,Other,1.0458590006844628,0,1,0.0,0,0,34.0,3.5553480614894135
0,Software,8.843258042436688,0,4,0.75,0,0,1020.0,6.928537818164665
0,Internet,2.3572895277207393,0,1,0.0,0,0,43.0,3.784189633918261
0,Education/Training,4.9253935660506505,0,1,0.0,0,0,210.0,5.351858133476067
0,Software,6.718685831622176,0,1,0.0,0,0,163.0,5.099866427824199
0,Healthcare IT,5.28952772073922,0,3,0.0,0,0,8712.0,9.072571442231286
0,Other,7.693360711841205,0,1,0.0,0,0,15.0,2.772588722239781
0,Healthcare IT,9.234770704996578,0,1,0.0,0,0,210.0,5.351858133476067
0,Other,5.66735112936345,0,1,0.0,0,0,210.0,5.351858133476067
0,Software,4.271047227926078,0,2,0.0,0,0,8244.0,9.0173622349937
0,Healthcare IT,7.5893223819301845,0,1,1.0,0,0,46.0,3.8501476017100584
0,Food,6.028747433264887,0,1,0.0,0,0,3099.0,8.039157390473237
0,Food,2.7789185489390826,0,2,0.0,0,0,1564.0,7.355641102974253
0,Other,1.1197809719370295,0,2,0.5,0,0,1684.0,7.429520842786462
1,Other,3.7180013689253935,0,1,1.0,0,0,73.0,4.30406509320417
0,Logistics & Distribution,2.6009582477754964,0,3,0.5,0,0,15611.333333333334,9.65581647917002
0,Software,7.0335386721423685,0,1,0.0,0,0,44.0,3.8066624897703196
0,Education/Training,3.8521560574948666,0,4,0.25,0,1,823.5,6.714777141999654
0,Consumer Products,9.582477754962355,0,2,0.0,0,0,23402.0,10.060619498256424
0,Education/Training,6.015058179329227,0,2,1.0,0,0,163.0,5.099866427824199
0,Education/Training,3.5236139630390144,0,3,0.3333333333333333,0,0,354.3333333333333,5.8730563160576805
0,Software,7.772758384668036,0,1,0.0,0,0,23.0,3.1780538303479458
0,Internet,8.139630390143736,0,2,0.0,0,0,16633.0,9.719204072428633
0,Other,9.084188911704311,0,5,0.2,0,0,1056.6666666666667,6.963820502915086
0,Education/Training,3.29637234770705,0,2,0.5,0,0,2070.0,7.635786861395585
0,Consumer Products,8.02737850787132,1,1,1.0,0,0,3.0,1.3862943611198906
0,Food,9.270362765229295,0,2,0.5,0,0,219.0,5.393627546352362
0,Software,6.7351129363449695,0,4,0.0,0,0,322.5,5.7791991139409555
1,Internet,1.8316221765913758,0,2,0.0,0,0,2074.0,7.637716432664798
0,Financial Services,7.9342915811088295,0,2,0.0,0,0,1407.3333333333333,7.2501622511231645
1,Food,0.1861738535249829,0,1,1.0,0,0,2749.5,7.9195379923155125
0,Software,9.160848733744011,0,3,0.6666666666666666,0,0,527.3333333333334,6.269727397643272
0,Other,0.487337440109514,0,1,0.0,0,0,10381.666666666666,9.247893028028766
0,Software,3.3894592744695413,0,4,0.5,0,0,759.8,6.634370511231181
1,Education/Training,5.336071184120465,0,2,1.0,0,0,11.5,2.5257286443082556
0,Other,2.863791923340178,0,2,0.5,0,0,3085.5,8.03479304183395
0,Software,6.7268993839835725,0,1,0.0,0,0,397.0,5.986452005284438
0,Software,2.7953456536618755,0,1,0.0,0,0,210.0,5.351858133476067
0,Other,3.7727583846680357,0,3,0.6666666666666666,0,0,10327.4,9.24265266144343
0,Internet,9.867214236824093,0,1,1.0,0,0,56.0,4.04305126783455
0,Internet,5.23750855578371,0,1,1.0,0,0,451.0,6.113682179832232
0,Financial Services,5.968514715947981,0,3,0.0,0,1,56.666666666666664,4.054679305829669
0,Software,6.203969883641341,0,2,0.5,0,0,13.5,2.6741486494265287
0,Internet,8.28747433264887,0,1,0.0,0,0,31.0,3.4657359027997265
0,Food,9.382614647501711,0,1,0.0,0,0,115.0,4.7535901911063645
0,Consumer Products,9.593429158110883,0,1,1.0,0,0,1033.0,6.9411900550683745
0,Financial Services,4.191649555099247,0,2,0.5,0,0,5942.0,8.68996933536666
0,Financial Services,3.5181382614647503,0,3,0.0,0,0,12496.25,9.433263899086842
0,Other,0.6461327857631759,0,3,0.5,0,0,5479.333333333333,8.608921205342767
0,Software,3.5263518138261465,0,2,0.0,0,0,1557.0,7.351158226430694
0,Software,5.516769336071184,0,3,0.6666666666666666,0,0,51.0,3.9512437185814275
0,Retail,8.83230663928816,0,1,1.0,0,0,223.0,5.4116460518550396
0,Financial Services,3.1813826146475015,0,4,1.0,0,0,435.0,6.077642243349034
0,Financial Services,4.0,0,1,0.0,0,0,9.0,2.302585092994046
0,Retail,5.842573579739904,0,1,0.0,0,0,24.0,3.2188758248682006
1,"Automobiles, Other Vehicles & Parts",2.965092402464066,0,2,0.0,0,0,16633.0,9.719204072428633
0,Internet,9.689253935660506,0,1,1.0,0,0,560.0,6.329720905522696
0,Logistics & Distribution,9.675564681724847,0,2,0.5,0,0,528.5,6.271933165041461
0,Financial Services,3.216974674880219,0,6,0.3333333333333333,0,1,39.0,3.6888794541139363
0,Financial Services,0.7775496235455168,0,1,1.0,0,0,2662.0,7.887208585813932
0,Financial Services,8.654346338124572,0,2,1.0,0,0,375.5,5.930918047239948
0,Medical Devices & Equipment,4.01368925393566,0,2,0.0,0,0,675.5,6.516932447610842
0,Other,5.06776180698152,0,2,0.5,0,0,123.5,4.824305715904762
0,Medical Devices & Equipment,8.123203285420944,0,3,0.0,0,0,43.666666666666664,3.7992275112828016
1,Internet,9.426420260095824,0,1,1.0,0,0,230.0,5.442417710521793
0,Other,9.371663244353183,0,3,0.5,1,1,15736.666666666666,9.663812268712197
1,Education/Training,1.2402464065708418,0,2,0.5,0,0,5590.5,8.629002866468243
0,Other,6.439425051334703,0,2,1.0,0,0,23406.0,10.060790401909905
1,Internet,9.927446954140999,0,1,0.0,0,0,47.0,3.871201010907891
0,Other,2.833675564681725,0,3,0.0,0,0,7891.285714285715,8.973641069513766
0,Pharmaceuticals,8.462696783025326,1,1,1.0,0,1,11.0,2.4849066497880004
1,Software,9.010266940451745,0,1,1.0,0,0,9.0,2.302585092994046
1,Consumer Products,8.254620123203285,0,2,0.0,0,0,5701.0,8.648572269472618
0,Software,3.7508555783709787,0,4,0.3333333333333333,0,0,4121.25,8.324154409781078
0,Consumer Products,3.1813826146475015,0,2,0.0,0,0,15991.666666666666,9.679885562821758
0,Healthcare,3.6358658453114305,0,3,0.3333333333333333,0,1,123.66666666666669,4.825643508746422
0,Software,9.22655715263518,1,1,1.0,0,1,14.0,2.70805020110221
0,Internet,9.248459958932239,0,3,0.6666666666666666,0,0,171.0,5.147494476813453
0,Financial Services,3.9863107460643397,0,3,0.0,0,0,1066.0,6.9726062513017535
0,Other,3.5811088295687883,0,1,0.0,0,0,6.0,1.9459101490553132
0,Other,5.530458590006845,0,1,1.0,0,0,477.0,6.169610732491456
0,Other,6.417522245037645,0,2,0.5,0,0,659.5,6.49299712396238
0,Software,4.093086926762491,0,2,0.0,0,0,1575.5,7.362962478985115
0,Other,5.634496919917864,0,2,0.5,0,0,12740.75,9.452639282330134
0,Other,5.212867898699521,0,10,0.6,1,0,1834.1818181818185,7.514898839058057
0,Software,0.4928131416837782,0,2,0.5,0,0,5038.777777777777,8.525117268382587
0,Internet,3.707049965776865,0,6,0.3333333333333333,0,0,2390.4375,7.779649928553465
0,Software,2.3107460643394937,0,2,0.5,0,0,28.5,3.3843902633457743
0,Other,9.44832306639288,0,2,0.5,0,0,371.5,5.920237037819614
0,Other,2.836413415468857,0,2,0.0,0,1,565.0,6.338594078203183
0,Consumer Products,3.060917180013689,0,2,0.5,0,0,2048.6666666666665,7.62543245728536
0,Software,3.247091033538672,0,1,1.0,0,0,124.0,4.8283137373023015
0,Internet,9.415468856947296,0,2,1.0,0,0,88.0,4.48863636973214
0,Internet,9.689253935660506,0,4,0.75,0,0,3864.4,8.259820448551368
0,Software,2.026009582477755,0,1,1.0,0,0,83.0,4.430816798843313
0,Other,7.24435318275154,0,1,1.0,0,0,24.0,3.2188758248682006
0,Internet,3.1211498973305956,0,6,0.1666666666666666,0,0,3037.5555555555557,8.019137535283711
0,Other,9.749486652977414,0,1,1.0,0,0,696.0,6.546785410760524
0,Internet,4.761122518822724,0,3,0.3333333333333333,0,0,7014.25,8.855841629820292
0,Other,0.9664613278576317,0,3,0.0,0,0,15628.0,9.656883441842194
0,Other,1.6454483230663928,0,2,0.5,0,0,10.5,2.4423470353692043
0,Software,1.7412731006160165,0,4,0.5,0,0,1140.75,7.040317452065108
